Response Time,Availability,Throughput,Successability,Reliability,Compliance,Best Practices,Latency
302.75,89,7.1,90,73,78,80,187.75
482,85,16,95,73,100,84,1
3321.4,89,1.4,96,73,78,80,2.6
126.17,98,12,100,67,78,82,22.77
107,87,1.9,95,73,89,62,58.33
107.57,80,1.7,81,67,78,82,18.21
255,98,1.3,99,67,100,82,40.8
136.71,76,2.8,76,60,89,69,11.57
102.62,91,15.3,97,67,78,82,0.93
93.37,96,13.5,99,67,89,58,41.66
133,86,7.7,95,73,78,84,10.67
221.48,90,10.9,97,53,89,66,37.26
114,86,16.1,86,73,89,84,67
269.83,85,4.5,86,53,89,66,74.96
134.07,84,12.2,85,60,89,69,8.21
67.5,86,6,86,73,78,80,1.5
131.57,80,2.3,80,53,67,76,6.5
213.2,88,1.6,96,73,100,84,7.8
1360,83,10.4,84,83,89,91,3
108,86,0.7,95,73,78,80,0.33
50,72,13.3,72,73,78,84,4
1069.5,71,3,72,83,89,91,744
132,83,14.3,84,73,78,84,16
265.09,94,10.2,94,73,89,62,48.18
124.17,94,2.1,98,73,100,80,30.84
408.21,56,5,58,73,78,80,121.46
259,97,1.2,99,58,100,75,7.2
408,83,15.2,84,83,89,91,3
173,46,3.8,47,78,89,89,4.83
320.48,86,1.2,86,53,89,66,125.18
128.31,91,12.4,97,67,78,82,20.8
149.67,89,1.1,96,73,78,80,13
672.2,91,7.9,97,73,100,84,9.2
59.58,77,8.8,78,67,100,77,3.95
499,83,19.7,84,83,89,91,31
1334,100,8.3,100,73,100,80,89
229.75,86,10.1,95,73,89,84,87.75
266.83,36,0.9,37,60,89,69,15.91
49.43,42,10.6,43,73,78,62,6
64.96,18,4.3,18,60,78,79,5.15
106.75,90,16.2,96,73,78,80,24.13
580.5,72,4.4,72,67,89,72,19
205,73,1.4,74,58,78,80,12
294.5,87,14.5,95,73,89,62,66
113.25,88,1.7,96,53,78,66,43.25
68.91,19,4.4,20,60,78,79,5.91
184.67,73,2.7,74,73,89,80,40.84
131.25,70,4.8,70,73,89,84,3.63
142.5,93,4.4,98,73,78,84,26.75
141.77,56,7.5,56,67,78,77,88.31
269.09,85,3.9,85,53,89,66,84.92
227,88,21.2,96,73,100,84,23
511.25,77,4.7,78,73,89,84,269.25
173,67,0.5,68,73,100,80,1.67
645,86,8,86,73,89,80,86.5
300.12,90,7.9,97,67,78,82,14.88
1035,71,8.4,72,73,78,88,6
515.2,86,9.2,95,73,100,84,8.8
430.5,40,3.3,40,73,67,84,13.25
205.33,90,3.5,97,60,100,74,48.33
262.5,92,6.9,97,60,100,74,83.5
451,23,1.8,24,42,78,74,334.1
207,86,13.5,86,73,89,84,78.5
115,72,12.9,72,83,89,91,4.5
184,100,12.1,100,80,78,87,1
119.33,86,1.2,95,73,78,84,1.66
166.67,75,1.2,75,67,78,77,7.84
241.5,78,7.7,79,67,89,72,71.5
301.8,98,1.2,100,73,100,84,8.2
300.6,100,1.4,100,67,100,82,42.6
227.6,86,14.5,95,73,100,84,10.6
617.67,88,7.1,96,73,100,84,13.67
151.33,97,6.9,99,73,78,84,8.66
115,83,22.3,84,83,89,91,4
42.5,72,13.1,72,73,78,84,3.5
179,85,1.1,95,60,100,74,47
179.29,87,2.6,95,60,89,69,26
3610.2,96,1.4,99,67,100,77,6.4
123,96,14.6,99,83,89,91,68.5
198.5,72,15.1,72,83,89,91,6
265.4,99,1.5,100,67,100,82,35.2
130.33,63,7.8,63,73,78,84,14.66
100,94,36.3,98,73,100,84,1
196,69,9.7,70,73,78,80,44.75
47.27,61,20.3,62,67,78,82,2
431.33,85,9.4,95,67,78,72,6.66
43,47,3.6,47,80,100,83,5.17
215.6,91,15.9,97,73,100,84,5.4
271,63,2.7,64,67,89,72,152
215.5,95,3.6,95,78,50,89,15
107,83,31.3,84,73,100,84,3
122,90,3.9,97,73,78,80,1
307.75,71,2.1,71,73,78,84,2.37
498.5,91,4.8,91,60,89,82,31.17
283.74,86,3.3,87,53,89,66,96.78
136.94,26,3.1,26,67,78,82,4.44
210,89,15.7,96,73,100,84,5.8
91.8,97,24.7,99,73,78,84,8.8
1314.75,78,3.5,79,73,78,84,30.75
334.71,43,4.4,43,73,89,75,14.85
146.08,57,10.2,59,53,89,71,52.93
266.92,72,1.4,72,80,100,83,2.34
305.4,93,12.2,98,73,100,84,7.8
2561.33,87,1.2,96,67,78,72,28
388.5,73,2,73,58,100,72,1
239.33,88,9,96,83,78,91,7
154,90,23.9,97,73,78,80,9
297.38,71,1.9,72,73,89,75,6.38
542.87,26,4.4,26,53,100,66,32.94
83.33,39,1.7,40,80,78,78,1
332.25,78,5.9,78,73,89,88,140.25
239.22,85,7.7,86,53,89,66,53.22
401.62,86,8.1,95,60,78,74,0.77
114,86,17.9,86,73,89,84,3
320.4,89,12.3,96,73,100,84,9.2
223,91,3.9,97,73,100,84,33.4
2123,100,8.8,100,73,100,84,4
240.6,86,1.2,95,73,100,84,11
532.75,78,5.5,78,67,89,72,26
290.3,86,4.4,86,53,89,66,97.47
233.2,97,2.1,99,73,100,84,7.4
109.6,99,19.3,100,73,78,62,1
1021.5,65,3.1,65,73,89,75,4.83
197,95,0.8,98,58,100,75,6
333,83,14.9,84,83,89,93,6
496.43,48,0.8,48,67,89,72,338.86
239.05,97,8.8,99,67,78,77,37.38
2440.33,71,1.1,72,67,78,77,1883.33
203,57,1.2,59,67,89,72,110.5
261,36,0.9,37,60,89,69,13.67
148.56,99,2.3,100,73,89,75,98.67
311.25,56,7,56,83,89,91,7
115,83,22.8,84,73,100,84,4
180,95,14.6,99,73,100,84,23.5
4207.5,92,1.1,92,80,89,83,3881.25
136.71,90,3.8,97,60,78,74,5.23
293.5,70,2.5,70,73,89,80,13.5
162.25,78,9.1,78,73,89,84,7.25
689.42,34,1.1,34,67,89,72,236.75
120,87,24.2,95,67,89,82,2
490.5,89,4.1,96,73,100,80,4.5
1041,83,12.8,84,73,89,75,5
335.5,78,3.6,79,73,78,80,81
383.2,98,2.1,100,73,100,84,6.2
510,100,13.9,100,73,100,80,1
316.07,32,1,32,60,89,69,225
270.5,95,19.1,98,78,89,89,4.5
464.62,40,3.6,40,78,78,89,16.12
250.4,93,2,98,50,100,72,45.4
411.83,85,0.4,86,53,89,66,142.96
171,83,18.6,84,80,78,87,5
115,96,28,99,73,100,84,1
389,84,1,84,67,89,82,289
724.82,99,4.7,100,60,89,69,13.53
104.5,85,15.6,95,73,89,62,46.5
292,83,16.6,84,58,89,80,5
144.5,96,22.3,99,67,78,72,19.5
193.6,67,3.4,67,73,89,84,23.4
1423.5,47,2.2,47,78,89,89,162.5
42.5,72,13.2,72,73,78,84,2
570.5,99,8.3,99,67,100,83,484
500.71,92,2.2,93,67,89,58,233.85
136,83,21.4,84,83,78,91,6
324,86,23.1,95,73,100,80,21
1316.17,75,1.2,75,73,78,84,81
284.65,86,3.1,86,53,89,66,96.22
3484,87,5.8,96,73,100,84,4
119,61,2.9,62,53,67,71,5
113.75,100,1,100,73,78,84,6.75
63.8,99,18.1,100,73,78,84,1.8
180,83,13.5,84,73,78,84,7
1296,86,6.9,86,73,78,80,1
352,98,21.5,100,58,89,75,1
125,100,17.4,100,67,78,82,2
1987,56,1.9,57,60,89,79,7.73
724,85,13.1,95,50,89,72,2
585.5,97,1,99,60,100,74,19.5
470,99,0.5,100,60,100,79,14
227,92,0.9,97,58,100,75,8
252.35,85,5.3,86,53,89,66,53.96
551.79,80,1.8,81,53,67,76,6.93
58,95,16,98,73,78,80,1
718,86,3.3,87,67,78,82,54.5
67.25,56,15.5,56,78,89,89,4
130.14,88,20.5,96,80,78,83,19.28
204.6,96,1.9,99,58,100,75,7.8
339,87,11.7,95,67,78,72,48
305.8,88,13.5,96,58,100,75,6
56,97,9,99,73,78,84,1
100,99,19.8,100,73,100,84,30.5
789.8,98,2.2,95,73,89,62,593.2
324.67,97,4.1,98,80,78,87,77.67
149.67,86,11.2,95,73,100,84,82
417,86,6.5,86,73,100,84,230
60.05,77,9.1,77,67,100,77,4.1
143.33,88,15.7,88,73,100,80,8.66
501.79,28,4.8,28,73,67,80,88.36
274.52,86,4.3,86,53,89,66,87.3
116,89,12.9,89,67,78,72,1.5
667.11,38,2.1,38,73,89,75,82
163,91,33.2,97,73,100,84,1
146.5,90,17.6,97,73,100,80,3
127,90,23.1,96,67,100,83,9
134.08,97,15.4,99,73,100,84,10.16
597.5,98,3.7,100,60,100,74,43.5
182.33,100,11.6,100,73,100,84,63.33
121.67,99,9.6,100,73,100,84,0.67
219.2,85,0.9,95,58,100,75,7.6
175,92,4.3,97,73,78,84,13
135.67,93,2.4,98,58,67,75,21.84
334,92,1.5,97,67,100,82,38.8
51.5,100,1.8,100,73,78,80,2
207.2,85,1.1,95,73,100,84,7
4480.8,52,1,53,50,78,66,1652.4
154,71,14.4,72,73,89,80,5.5
123.92,97,15.6,99,73,100,80,15.5
669.1,56,1.3,57,60,89,69,3.2
243,98,25.6,100,73,100,84,1
126.67,94,9.5,98,73,100,84,0.67
114.5,95,14.2,99,67,78,77,0.6
65.4,92,6.8,92,67,100,77,8.25
196,88,9.8,96,73,78,84,37
148.95,89,10.8,96,67,100,77,6.73
166.63,99,9.6,100,67,100,82,33.55
306.8,90,12.7,97,73,100,84,9
223.6,100,0.7,100,73,100,84,6
229.79,89,7.4,89,67,100,77,41.32
219,56,10.4,56,60,78,69,67
236.67,63,6.4,63,53,89,66,8.67
460,56,2.6,57,60,78,79,107.5
248.8,88,1.1,96,67,100,82,42.4
220.6,90,1.3,96,73,100,84,9.2
242.4,89,1.1,96,73,100,84,7.6
257.5,100,3.4,100,73,78,84,1
170,85,3.1,95,60,100,79,48.25
87.14,87,20.5,95,67,89,58,0.71
219,99,16.4,99,80,100,83,1
122,86,14.5,86,67,78,82,3
228.6,100,14.1,100,73,100,84,9.8
187.75,64,8.1,65,73,78,75,63
184.74,62,7.9,62,67,67,77,19.3
1104.67,47,3.1,47,83,89,91,29.84
276,88,1.6,96,67,100,82,32.8
316.3,84,2,85,53,89,66,120.13
63.25,98,25.6,100,67,78,66,10.25
140.5,97,18,99,73,78,84,50
167.5,86,16.1,86,73,78,84,2
287.22,86,5.5,86,53,89,66,77.57
244,86,26.7,95,83,100,91,2
1138.33,88,4.7,88,73,100,80,402.33
154,98,14,99,73,100,80,3
1226,91,6.3,97,73,100,84,3
55.5,81,19.1,82,73,100,80,4.75
287.22,85,3.5,86,53,89,66,101.05
283,83,20.3,84,73,89,75,13
825.8,90,5.9,91,60,78,69,123.2
335.58,65,8.9,66,73,78,80,3.75
224,78,3.9,79,73,78,84,1.75
581,83,15.6,84,50,89,66,116
130.75,56,10.8,56,83,78,91,3.5
203,72,22.1,72,83,89,91,3
272.43,85,1.9,86,53,89,66,69.39
333.52,86,3,86,53,89,66,111.26
121,91,7.9,97,73,78,84,10
102,90,18.6,97,73,78,80,1
330.19,92,8.6,97,67,100,77,17.13
77.9,91,17.1,97,73,78,62,20.57
111,98,0.8,100,67,100,77,27
214.62,32,2.3,32,53,78,66,57.39
463.6,91,2,91,73,100,84,98.4
854,96,14.7,99,73,100,84,1
540.5,72,3.7,72,67,89,72,35
905,96,1.6,99,73,78,84,3
158.8,87,5.8,96,73,78,80,30.8
109.75,70,11.4,70,73,78,80,61.25
664,83,11.4,84,53,89,66,2
1529,72,5.3,72,83,89,91,6
95.25,99,16.3,100,73,78,80,1
146.83,85,2.1,95,83,89,91,95.58
382.71,27,5.7,28,73,89,80,62.92
322.33,99,9,100,73,89,62,18.66
599,85,10.3,95,73,78,84,2
235.4,87,1.4,95,73,100,84,10
2836.25,79,2.4,79,73,67,84,78.75
202,98,9.7,99,80,78,87,43
71.75,59,1.2,60,67,100,77,4.5
312,88,3,96,73,100,84,47
248.4,98,1.4,99,58,100,75,10.2
298.83,46,7.7,46,83,89,91,114
474.91,91,5.8,97,60,78,74,162.87
142,39,6.3,40,73,89,84,6.12
262.5,89,5.3,96,73,100,80,18
443,98,10.1,100,58,100,75,5.8
255.08,12,8.1,13,53,78,71,6.34
245.8,89,1.2,96,73,100,84,7.4
409.5,86,1.7,87,58,100,69,173.5
1730,72,2,72,67,89,72,245.5
235.9,61,4,61,73,67,84,86.9
293,99,27.8,100,73,100,80,13
372.25,66,4.7,66,80,89,83,77.83
104.5,86,23.5,86,73,89,80,2
305.37,87,8,87,67,100,77,90.95
138.5,86,21.4,86,73,89,84,2
227,97,15.7,99,80,100,87,3
189,83,26.5,84,83,89,91,6
126,83,31.4,84,83,89,91,3
80.55,94,13.6,94,60,89,54,26.19
211,86,14.3,95,73,100,84,8.6
220.4,85,15.6,95,58,100,75,5.8
305,86,21.7,95,73,100,84,1
1235,88,3.6,96,42,89,62,10.17
238,87,3.8,96,80,89,65,1.17
195,89,0.8,96,73,100,84,6.4
115,98,17.9,100,73,100,83,2
447.2,90,4.2,91,73,78,84,16.2
367.4,85,4.4,95,73,100,84,6
786.5,67,4.8,67,50,89,66,133
289,86,0.4,87,80,100,87,1
220.2,93,14.2,98,73,100,84,9
127.75,94,4.1,98,73,100,84,1.25
231,83,19.6,84,83,89,91,8
620.25,91,8.5,97,78,78,89,13.75
158.25,93,13.9,98,73,78,84,19.87
445.43,96,8.8,99,80,78,83,6.14
1255.12,97,2.2,97,60,78,74,523.88
541,100,21.6,100,83,89,91,16
266.33,85,1.1,95,67,78,85,11.44
151,83,24,84,78,89,89,15
115.4,97,10.1,99,67,78,77,59.36
1832.67,89,3.3,96,67,100,77,4
295.67,73,4,74,73,89,80,152.17
345,72,10.3,72,83,89,93,2
222.6,85,1,95,58,100,75,8.4
135.27,81,1.5,81,60,67,79,2.87
157.5,86,16.4,86,73,89,84,1.5
446.23,90,6.2,97,60,78,79,1.08
275,88,4,96,50,78,66,20
170.67,96,2.6,99,73,89,84,34
328.5,46,4.1,47,73,78,84,14
407,78,4.2,79,73,78,80,48.25
308,93,12.9,98,78,78,89,1
281.91,86,4.4,86,53,89,66,86.61
368,90,12.2,97,60,78,74,14.2
412.25,89,6.1,89,73,89,62,195.75
399.6,52,1.5,53,67,89,72,227.8
275,83,23.6,84,83,89,91,4
117,86,20,86,73,89,84,2.5
98.25,90,1.7,96,73,100,80,2.25
349,91,21.3,97,58,100,75,1
486.4,81,2.2,81,60,67,79,4
213,100,1.3,100,58,100,75,8.6
130,89,24.5,96,67,100,82,1
208.6,88,14.2,96,73,100,84,7.6
123.92,66,3.6,66,73,89,80,3.75
517.67,63,6.3,63,67,78,82,9.34
654.41,87,3.7,95,53,89,50,2.2
210.5,72,8.3,72,80,100,78,6.5
82,90,18.9,97,73,89,62,1
238.5,73,7.4,74,73,89,80,72.83
322,91,19.6,97,73,100,80,109
103.25,93,20,98,73,78,84,1
238.04,48,7.1,49,67,89,77,61.93
177,83,17.2,84,73,89,84,18
260,83,15.5,84,73,89,84,10
182,83,20.4,84,83,89,91,6
175.6,51,6.4,51,80,100,87,12.4
233,89,1.6,96,73,100,84,8.8
50.75,56,8.6,56,80,89,83,6
152,96,24.2,99,73,78,80,12
325.25,56,8.1,56,67,78,85,56.5
1425.75,78,3.9,79,73,78,84,28.75
203.8,93,1.9,98,73,100,84,9.4
149.5,94,13.3,98,73,100,80,4
4637.61,30,0.5,30,67,67,82,4140.35
440.75,89,1.3,96,73,78,84,13
994,99,4.6,100,73,100,84,634.5
155,83,21.3,84,80,78,87,5
137.71,79,2.4,80,67,78,82,9.21
434.83,66,3,66,80,89,83,62.58
374.2,93,1,98,67,100,82,60.6
1342,94,10,98,73,78,84,83
151.22,93,13.6,93,73,78,62,1.44
246.6,92,3,97,73,100,84,43.4
130,94,15.5,98,73,78,80,1.2
324,83,16,84,83,89,93,7
186,86,11.3,86,60,89,69,6.5
2909.47,94,1.3,98,67,100,82,34.68
331,91,23.2,97,73,100,80,22
375,93,11.2,98,73,100,84,9.8
485.6,94,9.6,98,73,100,84,7.6
173,83,11.5,84,73,89,75,20
733.08,30,4.4,30,73,78,84,1.33
221,18,4.3,18,60,78,79,11.35
97.33,88,1.7,96,73,78,80,1.33
178.5,72,13.2,72,67,89,85,8
315.5,86,13.6,86,80,89,87,2
278.75,86,9.2,95,83,89,91,1.75
288.8,51,5.9,51,83,89,91,3.8
99,60,0.8,60,53,89,66,3.75
359.15,51,5,52,60,89,74,3.93
1189.5,72,7.2,72,78,89,89,2
427.2,96,4.2,99,73,78,80,116.8
213.82,59,8.3,59,67,67,77,68.89
524,94,22.5,98,67,89,85,22
149,96,33.9,99,58,100,75,43
102,86,17.3,86,80,89,87,59.5
147.75,78,13.7,78,73,89,84,2.25
49.53,53,15,54,60,89,69,0.82
498.67,90,6.3,96,73,78,84,9.34
251.6,92,0.9,97,67,100,82,41.6
386.71,45,6,46,67,89,77,29.26
198,97,1,99,73,100,84,8
184.5,90,9.4,97,60,78,69,33.62
76,98,23.4,99,50,89,77,2
3698.04,60,1.1,61,67,89,77,76.79
216,93,7.5,98,73,100,80,1.5
198.8,100,1.4,100,73,100,84,6.8
306,90,5.5,97,73,100,80,14.5
2938.5,72,2.9,72,73,78,84,344.5
1783.25,93,1.9,93,53,67,50,14.25
111,72,15,72,83,89,91,6.5
1019.75,99,4.5,97,73,100,84,868.25
555,83,5.6,84,73,89,84,111
150.5,92,16.2,97,73,78,80,1
353.75,66,3.5,66,80,89,83,67.25
75.22,93,18.2,98,67,78,72,21.55
96.67,92,3.9,97,58,100,75,13.67
477,94,14.2,98,73,78,84,2
42.5,72,14.1,72,73,78,84,3.5
115,86,8.8,86,73,78,84,61.5
70.86,42,7.6,43,78,89,89,3.43
317,93,12.1,98,73,100,84,10.6
140,95,16.4,98,73,78,84,34
223.33,97,2.2,99,73,89,87,67
121.33,90,10,97,73,78,84,8.33
126,97,31.5,99,58,100,75,14
1238.17,47,3.4,47,72,78,86,43.45
105.92,9,9.3,10,67,89,77,54.08
349.07,95,9.1,96,67,100,77,5.4
178.4,87,9.7,96,73,89,62,65.8
207,25,8.8,26,67,89,72,91.93
300,88,28,96,73,100,80,14
157,90,22.9,96,73,100,80,1
321.5,56,3.7,57,67,78,85,14.25
200,87,1.2,96,58,100,75,8.6
162,98,13,100,73,89,75,1
66,83,33.4,84,78,89,89,2
122,99,34.3,100,73,78,84,8
90,85,31.1,95,60,89,79,1
169.75,69,8.1,70,60,78,74,11.75
314.62,96,5.9,99,83,78,91,70.24
211.25,89,10.9,89,67,78,72,152.75
83,91,19,97,80,100,83,1
286,93,9.4,98,73,78,84,16
121.46,61,13.9,62,67,89,77,9.15
195,83,34.7,84,80,78,83,107
234.83,73,3.5,74,73,78,88,115.5
3150,98,2.9,100,73,78,84,31
175.67,73,5.5,74,73,89,84,56.5
345,98,24.4,100,89,100,93,21
189.57,43,3,44,73,89,75,6
99,99,31.1,100,73,100,84,2
186,83,25,84,83,89,91,4
133.17,94,13.9,95,73,100,80,6.59
152,96,4.9,99,60,100,79,51
538,97,15.8,99,58,89,75,9
199.4,99,2.2,100,73,100,84,7.6
293.8,93,12.9,98,73,100,84,8
413.5,98,11.4,100,80,89,78,4.5
314.15,100,6.7,100,60,100,79,18.05
104.75,89,19.4,96,73,78,80,1.5
225.2,100,14,100,73,100,84,10.4
444,83,13.2,84,73,89,84,24
249.08,12,8.7,12,53,78,71,7.23
261.09,85,5.4,86,53,89,66,69.13
2779.5,28,1.5,28,60,89,69,1.38
275.5,71,7.2,72,78,89,89,124.5
3007.25,79,2.3,79,73,67,84,105.75
146.5,72,14.2,72,83,89,91,3.5
163,85,1.8,95,60,100,74,42.33
330,83,15.6,84,67,78,72,3
193,88,1.6,96,73,100,84,8.6
214.4,89,14.6,96,73,100,84,6.6
125,86,9.4,86,73,78,84,3
329.8,51,6,51,73,89,75,30.6
3166,72,3.7,72,83,89,91,1.5
216.6,94,1.8,98,73,100,84,7.8
115.4,96,18.7,99,80,78,87,1.4
338,72,10.5,72,73,100,84,156.5
831.36,64,2,65,80,67,87,95.36
92.5,78,11.9,78,73,89,84,4.5
118.1,45,2.4,46,67,78,72,3.35
199.17,56,7.3,56,67,78,77,55.5
158.9,61,3.5,61,67,78,72,41
386.4,100,3.6,100,73,100,84,4.8
167,72,15.4,72,78,89,89,7
398.17,66,2.8,66,80,89,83,70.75
273.6,88,13,96,73,100,84,7.4
190,98,3.7,99,89,78,93,17.75
1201,83,12,84,78,89,89,2
668.75,79,2.6,79,73,67,80,35.75
145.25,56,11.8,56,78,78,89,4.75
208.5,100,11.3,100,80,89,65,50.5
305.4,89,1.4,96,50,100,72,40
99,88,0.7,96,73,100,75,53
539.72,23,4,24,60,78,83,146.94
929,86,5.3,86,73,78,80,68
401.14,43,4.1,43,83,89,91,9.57
224,75,14.8,76,78,89,89,3.33
424.57,50,1.7,51,73,89,80,328.57
164.5,72,12.5,72,73,100,84,5.5
292,100,9.3,100,73,100,80,111
729,94,15.2,98,73,100,80,480
122.93,93,16,98,60,100,74,12.5
253,100,10.6,100,67,100,72,18
277.4,93,1,98,73,100,84,11.2
81,70,8.5,70,73,89,84,38.75
379.78,85,2.3,85,53,89,66,106.04
170.25,56,4.2,57,60,100,79,8.5
79,83,32,84,78,89,89,3
114.33,85,16.2,95,73,100,84,13
402.78,87,6.9,95,60,78,74,132.63
128.5,72,21.7,72,78,89,89,8.5
83,87,15.2,96,73,78,62,1
41,83,24,84,60,89,74,3
725.63,88,3.5,96,67,78,77,1.47
136.4,90,5.9,91,73,78,84,10.8
68.57,43,4.4,43,78,89,89,2.86
217.5,78,9.5,78,73,89,80,55.25
603.5,85,10.7,86,73,89,84,473.5
137.75,79,2.4,79,67,78,72,100
149,96,24.2,99,89,78,93,1.5
641.5,96,4.4,99,73,78,84,33.5
68,97,5.1,99,73,89,84,1
333,83,21.9,84,83,89,91,7
205,65,9.8,66,73,67,84,27.42
123.45,86,7.2,87,67,100,77,5.8
98.4,93,18.9,98,73,78,62,23.8
287,89,12,96,67,100,82,1
235,83,23.5,84,67,78,72,1
134,83,22.5,84,83,89,91,9
350.5,86,12,86,73,89,84,55.5
214,85,1.4,95,73,100,84,10.8
189.5,72,14.9,72,83,89,91,7.5
461,98,6.7,100,60,100,74,14.57
211,87,24.6,96,73,100,84,1
123,78,10.4,78,73,89,84,3.5
227.53,90,7.1,90,67,100,77,40.16
126.83,100,15.7,100,67,78,77,1
262.5,86,4.2,95,73,100,80,17.25
69,56,8,56,83,89,91,8.25
192,83,24,84,83,89,91,8
216.5,89,5.2,90,60,89,69,77
247.8,99,6.5,100,73,89,62,1.2
287.67,63,6.9,63,73,89,75,11.34
154.1,53,8.6,54,67,89,77,72.62
514.5,86,1.4,95,73,78,62,15
222,73,6.8,74,73,89,80,84.67
161,98,17.6,100,73,78,62,50.2
117,83,23.3,84,67,89,82,4
126.25,100,3.6,100,60,100,74,39.5
101,86,22.5,86,73,89,80,2.5
291,88,1.9,96,73,78,75,137
211,22,9.2,23,73,89,80,9.05
172.57,90,9.7,97,67,100,66,10.24
138.07,30,1.7,30,72,89,86,2
205.31,56,7.1,57,67,78,77,90.07
166.6,51,5.8,51,73,78,84,13.4
470.43,43,4.5,43,78,78,89,8.29
288.87,84,2.1,84,53,89,66,94.7
81,100,2,100,80,78,65,2
404.5,99,3.4,100,73,89,62,37
225,85,22.9,95,73,100,80,109
260.6,100,13.5,100,67,100,82,42.4
138,85,33,95,73,100,84,13
93.3,60,13.4,61,73,67,84,31.4
229,98,13.9,99,73,100,84,7.6
152.5,86,4.5,87,73,78,84,2
255.25,67,1.4,67,73,89,80,34.5
269,96,21.5,99,58,89,75,10
357.33,97,0.9,99,73,100,80,1.66
225.5,86,10.1,86,73,78,84,2
105.78,60,10.9,61,73,67,80,59.17
137,83,17.9,84,73,89,75,8
248,78,3.1,79,73,78,84,30.5
455.94,64,4.9,64,53,89,66,17.53
411.12,39,6.2,39,73,100,84,24.87
274,100,14,100,73,100,84,6.6
201.8,94,1.6,98,73,100,84,8
848.15,21,3.5,21,78,78,89,451.15
1164,88,13.4,96,83,78,91,11
427.65,86,1.4,86,53,89,66,120.48
3343,83,5.5,84,83,89,91,2
1099,95,10.6,99,73,78,84,28
319.83,84,1.1,84,53,89,66,108.96
489.2,67,5.1,68,73,78,80,117.2
79.12,70,5.3,70,73,89,84,2.87
254.4,97,1.6,99,73,100,84,7.6
409,87,18.1,96,73,78,84,1
202.4,89,1,96,73,100,84,9.2
287.4,91,1.3,97,50,100,72,36.6
86.86,100,19.7,100,73,78,80,1
291.25,92,3,97,60,67,74,16.25
137,83,21.6,84,73,89,84,7
1391.5,89,3.4,96,73,78,84,45.5
308.45,87,9.3,96,67,78,72,0.9
3157.61,23,1.3,23,78,89,89,60.11
312.97,93,6,98,67,78,58,25.7
273.85,87,1.8,95,60,78,72,0.93
314,63,5.4,63,73,89,75,11.67
142,97,20.8,99,73,100,84,2
123.83,99,16.9,100,73,78,62,19
191,100,1.4,100,73,100,84,8.4
89,83,40.4,84,78,89,89,3
110,83,24,84,73,89,84,3
179,79,2.8,79,73,89,80,29.75
210,97,25.2,97,73,100,84,16
436.6,90,1.3,91,73,100,84,90.2
730.2,86,3.4,95,73,89,84,47.8
166,86,25.7,95,73,89,62,100
1703,83,9,84,83,89,91,6
161,72,14,72,83,89,91,5
172,89,29.5,96,89,78,93,2
370.5,86,10.9,86,73,78,84,53
120.83,64,5.4,65,73,89,75,69.16
137.75,78,13.4,78,73,89,84,1.75
97,90,7.3,91,73,78,84,2.2
189,83,27.6,84,78,89,89,1
409.67,99,10.9,100,73,89,62,126.34
217.4,87,15.1,96,73,100,84,7.2
61.5,72,16.1,72,73,67,84,6
82.25,99,22.7,100,73,78,80,6.75
836.5,86,5.4,86,73,67,84,17
561.5,91,6.4,91,73,78,62,319
197.4,99,1.1,100,73,100,84,9.8
226,78,7.9,78,73,89,84,65.25
268.35,85,4.7,86,53,89,66,81.22
131.36,90,2.3,97,60,67,79,4
129,89,10.7,89,73,78,84,7.75
81,93,35.6,98,58,89,75,1
154,95,14.9,98,73,100,80,4
143.67,93,11.2,93,80,78,78,17
271.6,90,2.1,96,73,100,84,39.2
147.33,91,16.6,97,73,100,84,18.41
334,89,14.3,96,73,78,84,42
166,83,24.6,84,83,89,91,14
158,72,10.4,72,67,78,82,10.5
179.5,94,10.5,98,73,89,62,1.25
116,87,18.6,96,60,89,69,7.56
677,83,12.1,84,73,100,84,503
173,91,24.1,97,73,89,62,102
123.67,87,8.9,95,73,78,84,8.67
178,56,5.2,57,78,89,89,16.75
63.83,19,5.1,20,60,78,79,3.92
874.75,56,3.4,57,73,89,75,102
481,83,18.5,84,78,89,89,4
170,87,7.2,95,73,78,80,29.6
194,56,10.5,56,78,89,89,72
1376,99,8.2,95,83,89,91,856
300.48,85,2.9,86,53,89,66,90.57
153.5,93,12.7,98,73,100,80,4
255,87,1.2,95,67,100,82,41.6
130.25,79,2.4,79,73,78,84,93.75
60.18,93,13.1,98,67,100,77,8.93
142.17,46,6.2,47,73,89,84,10.34
137.81,63,2.5,64,73,89,84,11.12
208,92,1.1,97,73,100,84,9.2
110.78,85,13.2,95,73,78,80,1.78
1078.33,84,5.8,84,72,78,86,92.33
237,97,20.7,99,73,100,80,35
1939,99,6.9,100,73,78,84,1
287.93,100,6.9,100,67,78,77,17.73
407,85,19.1,95,58,89,75,32
464,67,2.2,67,80,89,83,38.42
445,89,12.1,96,83,89,91,1.5
484.5,78,5.9,79,67,89,72,43.5
3283,92,1.6,93,73,78,80,35.75
664,83,13.6,84,83,89,91,53
281.8,93,1.3,98,73,100,84,7.2
932,67,3.9,68,73,78,87,5.75
113.2,51,5.5,51,73,78,84,4
91.5,86,17.2,86,73,89,84,5
386.44,27,6,28,60,78,79,8.2
505,100,6.1,100,73,78,84,11.33
316.28,86,7.2,95,33,78,62,25.52
219,87,2.8,96,73,78,80,17
85.25,78,9.2,78,73,89,84,3.5
459,98,9.5,100,73,89,80,3
3625.06,64,1.3,65,73,78,80,3.94
214,86,17.8,86,80,89,87,2
169.4,90,6.4,91,73,78,84,28.2
210.4,90,4.3,96,73,100,84,8.4
166,83,28.1,84,83,89,91,6
148.06,52,7.8,53,67,89,77,88.18
182,92,15.7,97,67,78,72,54
126,94,1.9,98,60,100,74,37.67
175.5,96,4.7,99,60,100,74,58
254.6,98,1.7,99,67,100,82,43.2
237.8,99,14.3,100,73,100,84,9.6
621.2,85,8.3,95,73,78,80,10
130.75,95,21.7,98,73,78,80,8
163,96,16.2,99,73,78,84,12.25
112.83,98,4.1,100,73,100,84,45.16
103.67,97,4.7,99,73,100,75,2
312.5,21,3.1,22,42,100,72,25.9
223.5,72,11.9,72,73,89,75,8
126.25,91,12.2,97,73,89,75,10
95.38,62,13.7,62,73,78,80,55.88
118.75,86,12.8,95,67,78,77,0.87
294.6,94,13,98,73,100,84,8.4
280.61,85,4.8,86,53,89,66,85.7
107.33,63,15.1,63,73,100,84,4
82.67,93,1.8,98,67,78,77,1.67
229.6,88,11.9,96,73,100,84,10
355,66,2.7,67,80,89,83,68.75
151,92,12.2,97,73,100,80,4.5
268.2,93,1.2,98,67,100,82,44.8
296.06,55,6.5,56,67,78,72,64.28
215,90,1.6,96,73,100,84,9.2
278.08,59,6.1,59,60,78,62,3
320,91,23.3,97,73,89,62,237
126.22,92,14.1,97,73,78,62,19.44
275.87,85,3.8,86,53,89,66,94.61
259.8,88,13.4,96,67,100,82,45.2
1345.5,78,4,79,73,78,84,23.25
151,85,28.4,95,83,89,91,18
104,87,18.5,95,73,78,80,1
132.73,86,14.3,95,73,78,62,34.91
2141.67,88,3.7,96,73,100,84,1815.34
4651,65,0.9,65,73,100,80,273
227,92,15,97,73,100,84,6.6
350.33,91,7.5,91,73,78,80,51.83
191.11,87,9.6,95,67,78,77,30.85
79.65,61,13.3,61,67,100,77,2.75
174.17,88,13.7,96,73,78,84,18.84
1760.48,97,2.4,98,67,89,58,18.76
107,83,27.6,84,83,89,91,9
104,92,17.1,97,73,100,80,30.67
211.4,100,14.7,100,73,100,84,7.8
210.33,93,2.3,98,67,67,72,46.33
126.2,90,7.2,91,73,78,84,9.8
111,83,29,84,83,89,91,8
72.25,89,10.1,89,78,78,89,2.75
115,83,24.6,84,73,100,84,5
405,85,6.5,95,73,89,62,16.3
495,83,18,84,72,78,86,221
861.75,56,6.2,56,78,89,89,9.75
244,78,6.9,78,73,89,80,54.25
160.5,86,17.2,86,73,89,84,3
128.33,94,4.5,98,73,100,80,26.33
148.5,87,11.1,95,67,78,82,33.29
3347,83,5.6,84,83,89,91,2
3055,56,2.4,57,83,89,91,2.75
130.25,78,9.4,79,73,89,84,4
183.42,92,11,97,60,89,79,32.58
167,85,24.6,95,73,100,84,2
331,87,20.4,95,73,100,80,46
140.67,63,4.2,64,60,78,62,3
416.25,69,6,70,67,78,72,164.13
68.83,100,21.4,100,73,100,80,7.33
867.73,94,4,95,33,78,59,47.46
429.38,20,1,21,42,78,72,141
837.25,78,5.7,78,73,89,80,55
151.75,88,8.7,96,73,100,84,69
212.2,90,1.6,96,73,100,84,8.8
151.4,53,5.6,54,73,67,84,88.4
275.8,85,12.1,95,73,100,84,8.8
155,100,28.1,100,67,89,72,8
258,92,3.2,97,73,100,84,32.4
416.33,46,5.1,46,83,89,91,6.33
206.25,87,6.1,95,60,89,69,96.25
197,89,28.6,96,60,89,69,16
168.5,88,5,96,60,89,69,1
281.39,61,6.1,61,67,78,72,59.06
302.4,91,12.5,97,73,100,84,8.4
123.7,93,15.9,98,67,100,82,0.7
66,83,36.1,84,78,89,89,3
111,56,13.8,56,83,89,91,6
947,63,6,63,73,89,75,89
145.36,33,3.2,34,67,78,72,2.65
443.56,94,6.6,98,60,89,72,232.46
173,89,5.1,90,73,89,62,102
186,93,10.5,94,73,78,80,56
2457.5,96,2,99,73,78,84,1.5
994.26,30,2.8,30,67,78,82,88.47
349.8,92,1.4,97,67,100,82,39.4
103,94,36.6,98,80,100,87,1
142,96,29.3,99,73,100,84,17
211.57,89,4,96,83,78,91,15.93
214.8,91,15.4,97,73,89,62,11
243,93,13.7,98,58,100,75,9
635.42,32,0.3,33,33,78,59,370.75
1428,99,7.9,98,73,100,84,1274
113.75,8,9.2,9,67,78,72,3.85
141,90,1.9,96,67,78,72,25
196.83,75,1.1,75,73,78,84,36.16
317.59,91,7.7,92,67,100,72,46.24
153.79,86,10.1,95,67,100,82,31.79
439,86,16.5,95,58,100,80,2
110.67,98,1.6,99,73,89,80,45.89
317,95,23.8,98,73,100,80,22
843.5,97,5.7,99,58,89,69,98.5
134.5,72,15.9,72,78,89,89,11
244.25,70,9.3,70,73,67,84,30.13
292.21,56,6.5,57,67,89,77,54.42
150.4,20,6.5,21,60,89,69,6.8
256.39,85,5.1,86,53,89,66,77.13
280.36,94,8.2,94,73,78,62,109
309,96,23.5,99,73,100,80,22
156,98,12.5,99,73,100,80,1.5
348.1,67,2.3,68,73,89,80,74.4
369.83,66,2.9,67,80,89,83,76.5
573.81,11,3.5,12,67,78,72,36.72
218.75,68,2,68,60,89,69,80.75
1558.07,97,2.6,98,67,89,58,13.14
168.25,56,5.7,57,67,78,72,20.25
534.5,72,10.7,72,73,89,75,3.5
77,50,9.2,51,78,89,89,3.2
128.6,89,1.8,96,60,100,69,34.4
144.75,56,10.7,56,73,89,75,4.5
392.5,46,5.6,47,73,89,75,1.5
274.8,92,1.6,97,67,100,82,44.8
101,93,17.9,98,73,78,80,0.83
324.5,72,14.6,72,78,89,89,124.5
157.2,53,1.5,53,50,78,66,4.2
113.33,91,5.7,97,73,100,84,45.66
131.15,90,14,97,60,100,79,1.23
221.75,78,9.2,78,73,67,84,82.75
268.57,85,4.7,86,53,89,66,86.53
171.6,93,6.6,98,73,89,62,1.8
136.67,63,6.1,64,78,78,89,3
57,98,34.6,100,73,100,84,1
108,92,25.1,97,73,67,84,2
208.4,94,1.1,98,73,100,84,9.2
123.64,93,14.6,98,67,100,82,1.19
1387.5,78,3.5,79,73,78,84,31
335.89,36,7.1,37,73,78,83,4.78
83.42,66,1.6,66,73,67,84,3.67
337.6,99,2.2,100,58,100,75,39.8
201.48,53,6.7,54,67,67,82,98.35
210.79,89,11.5,96,67,100,77,5.61
512.88,99,6.8,100,67,100,77,17.88
341.39,82,0.9,82,53,89,66,122.26
205.5,73,1.9,73,60,78,74,27
243,63,8.3,63,73,89,75,13.33
247.05,89,6.6,89,67,100,77,55.1
843.33,88,3.9,88,67,78,77,467
143,83,15.9,84,73,78,84,23
140,89,7,96,73,78,84,9.67
201.6,91,1.5,97,73,100,84,7.8
214,100,26.7,100,73,78,88,2
50.07,27,11.2,27,67,78,82,5.93
2204.38,66,0.7,66,73,78,84,2050.13
1462,83,9.9,84,83,89,91,3
123,99,9.8,100,73,100,84,2.33
220.8,85,0.8,95,73,100,84,10.8
404.2,87,1.2,95,67,100,82,45
262.6,89,13.3,96,67,100,82,44
209.4,98,1.4,100,73,100,84,10
2297.64,98,1.6,98,73,67,84,712.55
111,87,27.4,95,58,89,80,2
303.2,51,5.6,51,83,89,91,6.6
1326.5,86,6.8,86,73,78,84,41
348,100,2.4,100,67,78,72,16.8
275,72,11.8,72,83,89,91,9
179.5,72,4.1,73,60,100,74,7.5
782,84,1.5,85,73,78,87,3
104,90,3.4,96,80,78,87,39
481.9,94,2.1,94,67,67,84,6.7
103,85,16.1,95,73,78,80,0.89
799,99,14.4,95,58,89,80,723
319.3,85,0.4,85,53,89,66,128.13
144.31,56,7.4,57,60,67,74,105.5
281,90,10.2,97,67,78,77,0.82
703.25,92,3.6,97,73,100,80,265.25
327.86,94,6.3,98,67,100,77,4.22
104.6,51,6.7,51,83,89,91,24.2
119,95,31.3,98,73,100,84,18
278.87,86,4.9,86,53,89,66,84
2835.56,97,2,99,73,78,62,13.45
114,83,24.1,84,73,89,84,4
331.43,85,1.1,86,53,89,66,93.52
212.5,100,13,100,78,78,91,6
396,72,6.7,72,67,89,72,10
139.5,85,23.2,95,83,89,91,19
1479.78,65,2.8,65,73,89,80,44
227,91,14.2,97,58,100,75,10.6
75.13,20,4.4,20,60,78,79,5.17
575.5,86,6.4,95,67,100,82,1
1316.75,88,3.8,96,80,100,87,308
1383.33,91,3.2,91,73,78,84,41.83
144.75,98,2.1,100,73,78,84,2.25
872,83,15.4,84,78,89,89,14
136.33,46,8.6,46,73,89,84,4.33
571,83,8.4,84,67,89,72,4
201.12,44,0.9,44,67,89,72,112.87
462,99,12.7,100,73,78,80,11
189,100,15.4,100,73,100,84,21.5
670,93,13.2,98,80,100,89,16
1410,83,10.6,84,83,89,91,5
175,86,9.4,86,73,78,84,3
620.5,96,8.7,99,73,100,80,398
143.6,98,16.7,100,73,78,62,34.4
748,100,17.3,100,80,89,65,29
1321.5,78,4.1,78,73,78,84,27.25
109,90,24.1,97,73,67,84,2
218.8,89,1.4,96,73,100,84,9.2
421,63,6.7,63,67,78,85,57
40,72,14,72,73,78,84,2
319.25,89,2.6,96,73,100,80,99.5
1648.5,74,3.8,74,83,89,91,265.5
338.87,86,2.5,86,53,89,66,97.09
648,92,0.6,97,73,78,84,3
90.12,69,6.5,70,73,89,84,21.37
560.62,100,2.2,100,78,89,89,41.85
136,89,20.3,96,60,89,69,51
192,98,1.3,100,73,100,84,14
602,90,18.7,96,73,100,84,19
146.88,92,13.4,93,73,78,75,11.88
57.42,66,12.5,66,67,100,77,5.31
257,94,1.2,98,67,100,82,37.2
84,95,22.4,99,50,89,77,1
206,95,1.2,98,73,100,84,8.8
199,96,13.5,99,73,100,84,36
267,98,9.5,100,80,78,65,2
232,100,13,100,73,100,84,51.5
332,97,10.4,99,80,100,86,2.29
753,72,7.7,72,73,78,84,1.5
266.6,88,1.9,96,67,100,82,43.2
87.9,67,14.7,67,73,67,80,37.8
505,89,7.8,96,83,89,91,32.67
98.67,91,18.6,97,67,78,77,0.67
216.5,98,4,100,67,100,77,17.5
3356.5,91,1.5,97,60,78,79,19.07
622.33,75,6.3,76,53,89,66,7
108.5,86,16.5,86,80,89,87,2.5
119.67,94,11.8,98,73,78,80,2
262.4,96,3.2,99,73,100,84,48.6
78,92,36.9,97,73,100,84,1
736.5,86,9.2,86,73,78,84,2
310.74,86,3.6,86,53,89,66,93.78
292,86,3.8,87,53,89,66,90
1147.3,27,3.2,28,60,78,79,1.91
234.5,89,23.7,96,78,89,89,106
250.8,100,1.4,100,50,100,72,42.4
195.75,86,13.3,95,67,78,82,1.13
213,85,1.8,95,73,100,84,8.2
1226.67,63,1.9,64,83,89,91,869
268,88,10.9,88,67,78,72,11
62.05,72,10.2,73,67,100,77,6.05
82,83,38.7,84,80,89,57,2
352.5,86,4.5,86,73,89,84,267.5
462.5,78,2.7,79,73,67,84,177.5
379.2,96,1.1,99,67,100,82,44.4
94.67,98,4.7,99,73,100,84,16.34
135,97,7.5,99,73,78,84,9
337,93,4.7,98,67,78,72,27
231.8,94,15.3,98,73,100,84,5.8
288.21,93,7.7,98,67,78,82,16
215,98,1.6,100,73,78,84,3
101.5,90,1.4,97,58,100,75,8.25
257.8,92,1.1,97,73,100,84,8.2
147,83,13.2,84,80,100,83,2
543,95,9.3,99,73,100,84,7.4
160,83,25.7,84,78,89,89,3
409,84,1,85,53,89,66,167
205,83,21.2,84,83,89,91,4
101,85,16.1,95,73,89,75,16
473.67,63,7.9,63,67,78,72,7.34
331.5,88,4.6,96,73,78,84,29.5
107.57,89,2.2,96,73,100,80,5.71
47.56,62,7.5,63,67,89,72,1.81
200.2,100,1.1,100,73,100,84,10.4
706,86,3.2,95,73,78,84,15.5
188.67,68,0.6,68,67,89,72,60
390,72,16.2,72,78,89,89,119
229.78,16,11.6,17,72,78,86,3.19
161,83,25.6,84,78,89,89,4
356.67,66,3,66,80,89,83,59.5
325.97,12,3.5,13,67,78,72,25.23
317.8,90,1.3,97,67,100,82,46.2
199.25,92,8.2,97,80,100,87,20
303,84,3.2,84,67,78,77,3
397,56,5.5,56,67,78,85,50
136.17,89,8.4,96,73,56,75,11.17
125,91,32.3,97,58,89,80,6
329,92,25.6,97,73,100,84,154
140.33,63,19.9,63,83,89,91,2
452.75,88,4.5,96,67,100,72,142.25
64,83,24.7,84,78,89,89,3
71.62,17,5.3,17,60,78,79,5.5
248.31,12,7.3,12,53,78,71,9.46
1936.33,76,2.3,76,73,78,88,1627.33
163,83,22.8,84,78,89,89,5
323,90,23.5,97,73,100,80,23
127.68,59,8.5,60,80,78,83,3.41
285.04,86,3.2,86,53,89,66,91.87
182.57,43,5.3,43,83,89,91,9.28
131.71,65,2.1,65,73,89,80,1.35
165,89,13.6,96,80,78,87,2
203.6,97,3.3,99,58,100,75,6.8
371.35,87,1.4,88,53,89,66,126.61
206.2,87,3.7,96,73,100,84,6.2
135.33,86,10.1,95,73,78,84,8
144.8,91,18.8,97,73,78,62,27.2
116.5,56,7,57,73,100,80,1.75
60.84,70,10.5,71,67,100,77,5.95
291,99,1.1,100,58,100,75,9.8
151,93,3.7,98,73,89,62,31.5
303.43,85,1.8,86,53,89,66,116.73
298,99,10.3,100,83,89,91,20
1112.25,78,2.8,79,73,78,84,75.25
252.4,95,1.8,98,58,100,75,7.6
1306,73,1.2,74,73,89,75,259.5
306,90,12.6,96,73,100,84,7
102.64,83,13.3,84,78,89,89,48.36
152.45,96,13.2,99,67,78,77,6.09
165.2,91,1.4,91,73,100,80,11.6
65.07,88,16.7,96,67,100,77,1.28
222.08,59,7.6,59,73,78,80,60.37
520.5,92,6.5,97,67,100,72,19.25
138.06,100,11,100,60,78,69,2.06
263.89,87,7,88,67,100,77,70.52
167.5,55,6.3,56,67,89,72,26.67
184.67,98,2.6,100,60,78,79,32
98,94,0.7,98,73,78,80,3
125.67,92,7.2,97,73,78,84,18
79.25,99,20.8,100,73,78,80,25.5
127.5,98,12.4,100,73,89,75,11
53,97,11.6,99,73,78,84,2
111.33,95,11,99,67,78,77,31.8
615,97,1.4,99,80,78,65,54.5
289.25,92,11.4,93,73,100,80,4.63
172,98,6.1,99,73,78,84,1
165,100,23.4,100,73,100,80,2
338.82,85,0.4,85,53,89,66,140.68
208.6,67,4,67,73,89,75,56.1
374.67,63,6.3,63,73,89,62,15.67
172.67,87,6.8,95,73,78,84,14
324.44,31,4.9,32,60,78,83,123.94
116.75,56,4.9,57,73,89,80,2
423.7,67,4.8,67,80,67,87,36.4
149,94,16.7,98,73,78,84,36
312.67,63,8.6,63,83,89,91,40.34
246.25,88,6.3,96,73,100,80,17
120,97,11.9,99,73,78,84,57
183,89,5.8,96,73,78,84,3
205,71,13.1,72,83,89,91,11
195.56,100,11.6,100,73,78,80,25.78
262.37,34,5.9,35,67,89,72,35.48
118,96,8,99,73,78,80,3
212.2,95,1.6,98,73,100,84,12.8
99,83,17.1,84,73,78,80,4
328,85,12,95,58,100,75,9.6
186.25,87,4.1,96,73,100,80,14.75
171,86,16.5,95,73,100,80,2
191,92,9.4,97,73,100,84,42.6
142.5,94,6.8,98,73,78,84,12.5
281.6,95,13.9,99,73,100,84,7
1242.11,64,3.3,64,73,89,80,28.67
89.6,88,18.7,96,67,78,58,32
108.67,87,4.8,95,73,100,84,24.84
507,89,2.2,96,73,100,84,42.8
411.83,66,2.7,66,80,89,83,78.5
172.5,72,14,72,83,89,91,7
319.38,12,3.6,13,67,78,72,31.07
69.33,91,1.7,97,80,78,87,2
214,93,1.3,98,58,100,75,8.6
55.75,78,10.4,78,73,89,84,3.5
704,83,15.5,84,89,100,93,8
129,13,8.9,14,33,78,59,8.39
245.6,99,1.6,100,50,100,72,40.8
599,92,3.6,97,67,89,72,9.67
79,83,22.7,84,50,89,80,4
2801.56,96,2,99,73,78,75,8.89
506.85,21,6.3,21,60,78,74,6.2
659.5,97,4.7,99,73,100,87,2
1614.67,63,3.7,64,73,89,75,5
465,83,9.1,84,83,89,93,63
201.2,97,1.2,99,73,100,84,8.4
222,90,10.2,97,73,100,84,23.67
218.4,92,1.7,97,73,100,84,6.8
164,71,11.2,72,83,89,91,24
174.1,55,10.2,55,67,89,77,28.03
256.2,98,1.4,100,73,100,84,39.6
108.5,100,1.1,100,73,78,80,1.5
280,79,2.3,79,80,78,87,2
119,86,18.1,86,73,89,84,4.5
97.04,94,11.9,98,67,78,77,39.12
3582.8,99,2,99,80,78,83,31.6
240.17,91,2.5,92,67,89,72,46.67
168,26,7.7,26,53,100,66,16
119.83,74,2.8,74,73,78,80,35.33
306.2,95,9.8,99,73,78,80,21.2
85.25,97,19.3,99,73,89,62,28.25
332.11,31,4.5,31,60,78,83,118.67
65,86,18,86,73,89,84,4.5
189,83,22.2,84,73,100,84,7
270.5,45,1.6,45,58,78,69,2.83
4023.3,16,0.6,17,60,89,79,315.26
3071.5,90,1.4,97,80,78,87,19.75
113.5,72,17.2,72,50,78,77,2.5
110,83,20.8,84,58,78,84,6
161.69,87,12.4,95,60,100,74,14.77
98.33,99,5.5,100,73,100,80,46.66
378,83,17.8,84,83,89,91,15
774.25,56,5.2,56,80,100,78,6.75
207.8,86,1.6,95,58,100,75,9.2
64.75,86,7.8,86,67,100,77,7.95
108.67,88,5.2,88,73,89,75,19.67
161.54,90,9.6,96,67,89,58,29.54
474,89,11.5,96,58,89,69,196
385.5,56,2.4,57,50,78,77,70.5
108,83,23.4,84,80,100,87,3
108,83,28.2,84,83,89,91,8
240.5,72,8.6,72,78,89,89,117
410.75,78,8.4,79,73,89,84,3.75
118.14,60,9,60,73,89,80,3.41
154,83,23.5,84,83,89,91,5
329.6,89,3,96,73,100,84,47.6
64,83,24.8,84,78,89,89,4
539.29,63,6.2,63,80,67,87,324.79
208.22,61,7.6,62,73,78,80,81.83
282.09,85,2.2,85,53,89,66,95.96
470,94,12.4,98,73,78,84,1
220.96,87,11.1,95,53,89,66,40.44
146,90,6.7,97,73,78,84,12.67
243,90,8.1,96,80,100,83,19.75
3997,90,1.7,90,73,78,84,11.4
181.12,95,11.3,99,53,100,71,37.41
191,84,5.4,84,53,89,66,97
126.5,14,6.3,14,60,78,69,65.09
192.5,86,8.6,86,73,78,84,3.5
295.6,100,1.1,100,67,100,82,45.2
329.43,86,1.2,86,53,89,66,101.17
133.21,55,8,56,60,67,79,10.42
396.75,78,7.7,79,73,89,80,4
185.33,63,9.7,63,80,100,87,107.66
685.86,22,3.2,22,33,89,59,22.14
266.74,85,4.4,86,53,89,66,82.44
425,56,6.1,56,58,78,80,10
156,86,23.3,95,80,100,87,2
181,83,30.6,84,80,78,83,94
292.2,90,12.3,97,73,100,84,12.4
116.28,54,8.8,54,60,89,74,9.71
274.78,85,3.6,86,53,89,66,88.74
124.33,85,7.5,95,73,78,84,11
161.5,34,2,35,67,67,82,21.64
329.5,92,3.6,97,73,78,84,13
162.14,93,13.1,98,73,78,80,23.28
188.38,69,9.9,70,73,67,84,52.13
457,83,15.3,84,83,89,91,2
237.12,62,4.8,63,78,89,89,5.5
261,83,19.4,84,83,89,91,9
236.21,64,2.5,64,80,67,83,48.07
42.64,64,6.1,64,67,89,72,1.78
189.78,85,9.7,95,53,100,76,41.56
251.5,78,8.5,78,73,78,84,161.75
328.6,86,1.7,95,73,100,84,9.2
112,83,37.7,84,73,78,75,1
41,97,43.1,99,73,100,84,1
164.8,99,5,100,73,100,84,4.2
709.5,86,3.7,86,67,78,82,35.5
130.08,95,13.1,99,67,78,82,21.16
371.45,19,1.1,20,42,78,72,61.07
187,65,10.1,66,67,89,66,71.5
1567.09,73,0.2,74,53,89,66,396.54
82,83,24.3,84,73,78,84,5
285,85,4.2,95,73,78,84,96
369.4,61,6.9,61,73,89,75,29.6
112,83,27.3,84,73,100,84,5
3768.33,63,1.4,63,83,50,91,1991
120,83,19.3,84,73,89,84,14
174,83,19.3,84,73,89,75,4
152.1,67,3.8,68,73,89,84,3.3
90,83,21.8,84,78,89,89,3
413.62,99,8.9,100,80,89,83,2
136.38,70,4.8,70,73,89,84,5.88
140.92,94,12.6,95,73,89,62,43.17
119,92,14,97,73,78,80,42.25
169,96,12.2,96,50,89,66,9.83
126,83,12.7,84,73,78,84,17
267,63,3.4,64,60,89,69,15.33
206,88,22.4,96,80,100,87,25
71.21,71,10.7,71,67,100,77,6
213,88,2.7,96,60,100,74,44
243.91,85,7.1,86,53,89,66,57.91
174,83,14.9,84,73,100,75,3
105.5,56,9.4,56,83,89,91,33.25
103.25,97,1.2,99,80,78,87,39
213.17,99,1.2,100,60,100,79,44.34
626.75,66,4.3,67,73,78,84,482.75
356.75,56,7.5,56,83,89,91,8.75
210.25,78,8.8,78,67,89,72,54.75
186.56,96,8.8,99,60,78,69,34.56
300.76,91,8.2,92,67,100,72,46.47
144,83,25.3,84,83,89,91,4
240.3,56,1.3,57,60,78,79,8.5
1074.3,14,3.1,14,60,78,69,4.72
110,83,27.6,84,83,89,91,10
246,95,15.8,98,67,100,83,28.5
56.2,97,22.5,99,67,78,72,7
310.25,22,2.8,22,42,78,74,194.3
175.5,90,7.6,97,80,100,83,39
181.33,89,8.9,96,73,78,84,12.33
4103.32,83,0.8,83,67,89,72,10.12
108,93,30,98,73,67,84,2
207.88,92,6.4,93,33,78,59,9.67
140.8,90,5.6,91,60,89,69,13.4
206.4,86,15.5,95,58,100,75,5.6
65,83,26.4,84,78,89,89,4
80.67,38,2.3,38,80,89,78,3.67
872.12,89,5.6,96,73,78,80,5.74
84,94,21.6,98,50,89,77,1
289.6,94,1.1,98,58,100,75,6.8
1146,34,1.7,35,67,78,82,1054.64
215.6,89,1.5,96,73,100,84,11.8
139.5,46,6.2,46,73,89,84,8
205.8,90,1.3,97,58,100,75,8.4
204,98,12.7,99,80,89,65,2
261.33,95,10.1,98,80,89,65,100.66
636.25,56,4.8,56,67,78,72,2
2282.75,78,2.4,79,73,78,80,2.75
346.39,85,2.6,86,53,89,66,110.48
206.8,89,2.5,96,73,100,84,6.2
217.8,88,1.5,96,73,100,84,9.4
133.33,95,8,98,73,78,84,10
378.29,96,9.6,99,80,78,83,8.58
299,90,14.9,96,73,100,80,109.5
440.06,91,7,97,60,89,69,182.3
186,93,5.5,98,73,78,80,1.33
221.2,92,14.2,97,73,100,84,9.2
148.69,95,14.4,95,67,100,77,5.92
220.8,93,1.7,98,73,100,84,8
357.35,92,7.3,97,60,78,74,2.1
120,99,7.4,100,73,78,84,10.33
532.4,51,4.9,51,67,78,82,11
49,72,21.6,72,78,89,89,2.5
523.75,94,6.9,95,73,100,80,64.5
235.2,94,1.2,98,58,100,75,8
105.5,86,17.9,86,73,89,80,3.5
308.88,18,6,19,60,100,74,4.13
338.2,99,5.6,100,73,100,80,46
2511,98,6,100,73,78,84,29
188,83,20.9,84,83,89,91,3
163.67,99,2,100,60,100,74,50.67
91,85,28,95,60,89,79,1
119.5,71,15.8,72,73,89,84,61
236.2,96,3.6,99,73,100,84,45.2
4758,98,2.4,100,73,89,62,48
124.67,100,6.9,100,73,78,84,11
413.09,8,5.4,9,60,89,69,10.11
117.5,88,1.4,96,73,78,84,1
281,83,19.4,84,80,100,72,4
145.62,92,2.4,97,73,100,80,41
298.61,86,1.3,87,53,89,66,89.83
357.8,87,1.2,95,73,100,84,7
57,85,5,95,73,100,80,1
215.6,87,1.6,95,73,100,84,10.8
355.5,86,2,95,67,78,77,26
166.5,87,16.7,96,67,89,82,59.5
82,83,35.9,84,73,78,75,2
356,84,4.7,84,73,89,75,72
266,83,19.2,84,83,89,91,8
157.5,94,3,98,67,78,72,1
331,85,25,95,73,100,80,19
247.38,28,5.9,29,42,78,74,6
138,86,15.4,95,73,100,84,15
250.4,88,1.7,96,67,100,82,43.4
1015,83,1.3,84,73,89,75,4
459.14,99,7.2,97,67,78,72,10.85
225.5,73,4,74,73,67,84,103.83
220.6,88,15,96,58,100,75,6.2
326.25,95,8.5,98,73,78,80,10.5
295.89,61,6.3,61,73,89,80,102.17
353.26,85,2.5,86,53,89,66,113.91
193.67,99,12.3,100,73,100,80,1.23
538,98,14.5,99,73,78,84,55
120,97,4.9,99,80,100,87,1.67
251.5,88,4.2,96,60,78,69,141
317,72,18.4,72,78,89,89,120
184.4,94,2,98,73,100,84,7.6
248.81,28,8.4,30,42,78,74,4.81
371.17,74,2.7,74,73,78,84,111.84
363,63,8.4,63,67,89,72,43.67
412.5,72,5.9,72,73,100,84,5
147.33,99,13,100,73,100,84,1
206,83,18.1,84,83,89,91,25
382.6,87,3.5,95,73,100,84,4.8
231.39,86,10.4,95,73,100,80,1.33
217.6,94,14.1,98,73,100,84,10.6
159.5,78,6.8,79,60,89,79,84.75
46.05,89,20.7,96,67,100,77,4.48
334,67,4.4,67,67,89,72,1.9
66.5,72,13.7,72,80,89,87,5.5
249,97,8.5,99,67,78,58,43.85
305.75,70,5.7,70,73,89,84,2.13
126,83,18.4,84,73,89,80,12
173.67,63,12.7,63,80,100,87,3.34
67,83,25.1,84,78,89,89,3
228.2,86,14.8,95,73,100,84,8
356.5,93,10.3,98,73,100,84,1
158.8,98,20.1,100,67,100,82,1.2
314,90,24.6,97,73,100,80,21
223.83,92,10.8,97,53,89,66,39.74
606.5,56,3.3,57,67,78,82,311.5
121,90,4.1,91,73,78,84,30.2
150,94,7.8,98,73,78,84,8.33
939.7,98,2.4,99,73,78,80,481.1
2482,94,5.6,98,73,78,84,2
44.97,51,7.8,52,60,89,69,1.59
190.07,95,9.8,98,33,78,59,21.83
194.5,72,5.3,72,78,50,85,28
207,99,29,100,80,100,87,2
106,90,35.7,97,80,100,87,1
79.35,96,19.1,99,67,89,58,24.59
82.43,42,6.5,43,78,89,89,3.14
1619.25,78,3.1,79,73,78,84,91.5
138.5,46,10,46,73,89,75,5
250.74,86,7,86,53,89,66,60.04
1418.27,87,2.1,88,73,78,84,53.27
93.5,86,9,86,73,78,84,3
148.33,89,1.2,89,73,78,80,69
4989.67,93,1.6,93,73,100,80,14
211.75,88,6.9,96,73,100,80,34
158.2,87,15.5,95,73,78,62,6.2
78.82,88,17.1,96,73,78,62,33.09
315.4,98,2,100,67,100,82,44.6
150.5,42,0.1,42,73,89,80,0.88
117.67,94,3,95,78,33,89,7.84
358,95,27,98,50,89,66,119
146.5,97,9.4,99,60,100,79,60.5
81,98,2.8,100,80,100,83,2
642.5,72,5.4,72,67,89,72,25
1067.67,63,1.9,64,83,89,91,751.34
850.92,88,3.9,88,67,78,77,476.42
579.5,78,6,78,67,67,82,397.25
109,96,15.1,99,60,89,79,1
495,97,9.2,99,73,100,84,10
307.3,17,3.8,17,42,89,62,20.23
130.2,62,1.9,62,53,67,71,5.53
765.5,99,4.4,96,80,89,83,560.5
151.1,60,5.5,61,67,78,72,33.1
100.56,99,14.1,100,73,78,80,1.23
109.5,91,24.9,97,83,89,91,2
53,83,21,84,60,89,69,4
563.22,86,2.6,95,73,89,62,1.66
77.43,42,5.5,43,78,89,89,3.29
206,89,1.4,96,58,100,75,10
132.5,90,2.3,97,73,78,62,18
309,42,4.5,43,83,89,91,7.29
42.5,72,13.5,72,73,78,84,2.5
230.8,88,1.6,96,73,100,84,8.2
220.8,90,14.6,97,58,100,75,8.4
329,98,23.9,99,73,100,80,20
233.4,91,1.4,97,58,100,75,7.2
206.5,86,12.7,86,73,67,84,49.5
108,86,17.7,86,73,89,84,3.5
215.91,82,7.8,82,53,89,66,53.34
320.67,93,10.6,98,73,89,62,136
315,100,26.2,100,83,89,91,5
117.58,66,4.2,66,73,89,80,2.5
210.67,98,15.1,99,73,78,80,4.56
400.5,56,5.6,56,80,89,87,8.5
127,88,2.1,89,73,100,80,7.33
275.57,85,4.2,86,53,89,66,81.96
222.47,97,8.5,99,60,78,54,12.61
40,72,19.8,72,73,78,84,3.5
268,83,17.2,84,67,89,72,37
176,90,13.8,97,67,78,77,2
158,100,23.3,100,80,89,87,1
289,85,10.4,95,73,78,80,2
571.75,46,4.6,47,73,89,75,101
485,63,7.8,63,67,78,72,4.67
68,86,18.3,86,73,89,80,3
86,98,20.7,100,50,89,77,3
128.5,86,6.4,86,73,67,84,88
83.31,99,17.8,100,67,100,77,9.69
144,85,28.8,95,73,100,84,2
124.33,94,7.1,98,73,78,84,10
131.75,90,8.7,96,73,100,84,1.5
212.67,88,11.8,88,67,78,72,9.34
107,85,33.3,95,80,100,87,1
337,83,19.7,84,60,89,69,9
213.4,98,4,99,73,100,84,6
413.33,100,12,100,78,78,89,27
165,83,27,84,83,89,91,2
225.8,97,3.4,99,73,100,84,45.4
531,72,8.8,72,83,89,93,7
57,91,27.3,97,83,89,93,14
503.67,63,4.9,64,73,89,75,18
896.67,63,4.8,63,83,89,91,505.67
43,72,15.2,72,73,78,84,4.5
251.8,94,1.9,98,67,100,82,37.8
207.67,26,3.3,26,53,78,66,52.6
315,83,15.2,84,83,89,91,36
317.25,78,2.8,79,73,78,84,36.75
109,93,29.9,98,83,89,91,3
204,94,2,98,73,100,84,8.2
217.5,86,11.7,86,73,89,84,99
173,86,13.2,95,73,78,84,3
102,91,9.2,97,67,78,82,1
77.5,86,16.8,95,80,100,87,1
311.8,91,1.8,97,67,100,82,44.6
1936.5,93,3.4,98,73,78,84,39
539,95,3.6,98,60,100,79,42
328.67,21,3.7,21,60,78,79,10.43
193.36,51,8,51,67,67,82,74.52
247.5,93,16.8,98,73,78,80,13.5
481.67,85,6.6,95,73,78,84,10.67
1691.75,100,1,100,73,78,84,1.25
276,88,13.5,96,73,100,84,6.4
527.5,72,7.2,72,73,78,84,21
278,94,12.5,98,73,100,84,8.6
563,80,2.3,80,53,67,76,7
336,88,2.3,89,73,78,62,236
246.4,100,1.9,100,67,100,82,42.8
390.2,91,11,97,58,100,75,8.6
302.33,53,6,54,67,89,72,12.03
114.58,95,13.3,99,67,89,82,32.45
139,72,10.7,72,67,78,82,2
124.67,89,2.1,96,73,78,62,39
59,88,28.6,96,73,89,62,2
79,84,7.1,84,60,89,69,15
165,100,4.5,100,73,78,80,17.8
216.54,87,9.9,95,67,78,82,33.69
107.45,97,13.3,99,73,78,80,1.36
4845.67,94,1.7,95,73,100,80,24.34
315.85,90,9.9,97,72,89,86,1.65
175.5,86,14,86,73,89,84,69
3197.14,48,1.5,48,72,89,86,23.21
127.5,78,8.4,78,73,89,80,6.5
301,20,4,21,42,100,66,7.67
178,86,20.2,86,73,89,84,2
217.8,90,1.3,96,73,100,84,7.4
541,91,20.3,97,73,100,84,360
184.5,73,3.2,74,73,67,80,1.5
374.25,56,5.4,57,60,78,79,45.75
2098,86,5.1,86,80,67,90,55
191.2,96,1.5,99,73,100,84,7.6
246.25,70,3.8,70,67,89,77,6.75
132.17,93,4.8,98,67,100,82,3.17
200.4,97,2.3,99,73,100,84,6.2
249,56,8.1,57,73,78,87,2.25
139,83,20.9,84,67,89,72,3
212.4,96,1.6,99,73,100,84,11.2
237.75,98,2.3,100,72,33,86,9.33
124,91,26.9,97,73,78,84,8
303.8,93,13,98,73,100,84,6.4
153.32,97,9.2,97,60,100,74,2.96
310.09,85,2.4,86,53,89,66,107.52
174.11,60,7.5,61,60,89,74,104.28
115,86,8.7,86,73,78,84,2
314,83,14.3,84,73,89,75,28
178,98,34.4,99,83,100,91,8
64.5,99,24.3,100,73,78,80,22
267.4,91,1.5,97,67,100,82,51
218.6,93,1.1,98,73,100,84,5.4
344,95,23.2,98,73,100,80,18
234,97,2.6,99,73,100,84,4.2
148,72,8.3,72,73,78,84,17.5
291.5,89,7.6,89,60,100,74,137.5
104,99,1.1,100,73,78,80,1.33
1668,63,3.9,64,67,78,82,239.33
291.09,84,1.3,84,53,89,66,106.44
538,97,10.2,99,73,78,84,2
282.6,89,2.3,96,73,100,84,37.8
197,88,3.7,96,60,100,79,63
157,93,4.7,98,60,100,74,45.5
123,99,7.5,100,80,89,83,2.5
635.86,86,6.8,95,80,100,86,3.72
180.36,85,10.8,95,73,100,75,13
3163.2,93,2.3,98,73,78,62,40.2
195.54,28,5.8,29,60,78,62,48.62
279.74,85,4,85,53,89,66,67.44
168.33,87,1.5,96,73,89,62,0.66
73.5,87,23.8,95,73,89,62,18.75
178.75,56,8.4,56,60,89,69,4
1259.33,37,2.9,38,67,89,72,44.77
256.2,92,13.7,97,58,100,75,9.6
146,91,1.9,97,67,78,72,12.6
71.16,99,21.9,100,78,89,89,16.44
456.79,85,6.8,95,60,78,69,137.37
358,83,16.8,84,83,89,93,5
173.88,99,3,100,73,100,87,1.5
421,86,9.7,86,73,78,84,2.5
319.2,89,3.9,96,58,89,69,1.4
328,89,7.1,96,67,78,77,32.5
95,96,28.3,99,60,89,79,1
963,95,11.1,98,58,100,57,6
146.5,86,10.7,86,73,78,84,75
298,83,26.5,84,83,89,91,3
242.5,62,6.1,63,73,89,75,5.12
180,87,12.1,95,73,78,80,55.25
57,86,40.1,95,73,100,84,1
103,93,34.2,98,67,100,85,2
204.4,92,1.9,97,73,100,84,6.2
1284,94,8.2,98,67,100,82,1236
96.5,86,13.3,86,73,78,84,3
194.59,95,9.4,96,53,89,66,5.33
188.31,100,11.8,100,67,100,77,6.23
346.5,86,16.9,86,73,89,84,270
150.17,91,18.1,92,73,100,80,4.84
629,92,2.1,97,50,78,66,15
69.71,91,22.6,97,67,89,58,15.47
996,83,14,84,83,89,91,59
136,83,24.6,84,83,89,91,12
372.7,91,4.4,97,73,78,87,2.1
224.8,98,14.6,100,58,100,75,9.2
2987,56,2.4,57,60,89,69,2092.5
139,89,18.2,96,73,78,84,1
213.2,98,0.9,100,58,100,75,7.2
163,90,20.1,97,58,78,75,1
304.8,89,13.5,96,73,100,84,6.6
174.77,56,2.6,58,67,78,82,37.92
209.6,92,16.2,97,73,100,84,5.8
159.5,71,20.2,72,80,100,78,5.5
323,83,23.9,84,83,89,91,9
184.75,92,4.7,97,73,78,84,1.75
109,99,30.7,100,67,100,82,1
512,93,10.4,98,73,78,84,64
252,100,20.6,100,58,100,75,1
225.2,93,2.2,98,73,100,84,6.2
117,85,24.5,95,73,100,80,30
171.47,56,9.2,57,67,78,77,29.74
238.09,71,6.4,71,53,89,66,73.74
378.5,34,5.1,35,83,89,91,3.8
123,91,7,91,67,78,66,7.83
404,83,15,84,67,89,72,6
327.13,13,5.1,13,67,78,72,24.98
144,83,16.9,84,67,89,82,10
285.14,63,7.9,64,73,78,80,16.35
252,92,13.1,97,80,78,87,1
277.78,86,3.2,86,53,89,66,68.87
253.33,88,3.4,88,80,78,83,50.33
113,92,28.4,97,80,89,87,6
188.8,99,1,100,73,100,84,6.8
330.5,65,7.8,66,73,67,84,13.33
212.5,100,1.5,100,73,78,80,1
143,99,16.6,100,73,78,84,42
121.91,91,13.6,97,67,100,77,0.98
246,86,8,86,73,78,80,74.5
126.4,89,18.9,96,73,78,84,1.2
254,84,1.9,85,73,89,75,7
38,95,2.1,99,73,78,84,1.5
107.83,73,8.5,73,83,50,91,2.5
448,83,13.8,84,73,100,75,4
171.68,38,8.7,39,78,50,89,13.36
130.33,94,4.5,95,78,33,89,3.5
303,83,26.9,84,83,89,91,1
4098,97,4.7,98,80,100,87,1
148,94,17.1,98,73,100,80,2.5
438,93,8.6,98,67,78,77,0.73
301.17,85,3.4,85,53,89,66,79.6
258.5,78,10.7,78,73,89,84,2.25
65,99,31.6,100,80,89,65,21
65,67,5.6,68,73,89,84,23.7
393.25,78,7.5,78,67,89,72,62.75
280.6,91,0.9,97,67,100,82,39.4
116.33,46,9.2,46,83,89,91,4.83
37,71,21.3,72,73,78,84,3
138.68,91,11.8,97,60,78,79,0.74
114,86,11.3,95,73,78,84,6.33
188.25,88,1.7,96,58,100,75,9.75
42.7,67,7.6,68,67,89,72,2.3
338.74,82,0.7,83,53,89,66,85.31
4740.76,93,0.8,98,67,78,82,23.14
125.5,86,21.3,86,73,89,84,2
3439.83,66,1.6,67,73,89,75,157.5
1918.4,51,3,52,83,89,91,31.8
240.25,78,9.1,79,73,89,80,2.25
84.25,90,16.3,97,67,78,72,42
191,83,21,84,67,89,72,12
405.14,91,7.9,97,73,78,80,2.71
509.5,86,12.6,86,73,67,88,37
298.2,98,0.9,99,67,100,82,59.4
80.4,91,2.9,97,73,100,84,43.3
221.8,99,15.6,100,58,100,75,5.4
251.07,56,5.2,58,73,67,80,133.43
632,72,13.1,72,78,89,89,122.5
374,88,10.4,96,67,78,77,0.67
374.6,51,4.3,51,73,78,84,24.2
787.47,95,4.5,96,58,100,75,84.6
298,88,27.4,96,73,100,80,14
363,83,19.2,84,73,78,88,163
82,83,41.2,84,67,89,77,2
564.5,97,13.4,99,73,100,84,1
472.8,96,10.2,99,58,100,75,6.4
348.33,66,4.4,66,80,89,83,72.33
750,83,7.4,84,73,100,87,3
134,83,26.8,84,78,78,89,4
121,87,22.6,95,67,100,83,9
190,95,1.1,98,73,100,84,6
300,94,27.2,98,73,100,80,14
243.02,90,4.2,90,53,89,66,56.36
376.64,100,7.3,100,67,100,82,3.28
237.33,63,4.3,64,67,89,72,120
303.65,85,3.4,85,53,89,66,86.35
86.27,55,12,55,60,78,69,45.25
226.6,95,15.5,98,73,100,84,6.6
230.89,79,11,79,60,89,69,4.11
129.33,95,15.9,98,73,100,84,1
338,66,4.5,66,80,89,83,65.08
290.22,85,2.9,86,53,89,66,82.7
182,100,29.2,100,80,100,87,1
67,86,41,95,73,100,84,5
152.56,94,17.7,98,73,78,80,18
842.33,93,7,98,73,100,84,109.66
284.13,84,3.3,85,53,89,66,72.35
80,99,36.3,100,80,100,87,13
175,86,15.1,86,67,89,77,47.5
106.77,12,13,12,60,89,69,8.92
200,91,30,97,80,100,87,12
151.6,50,7.9,51,58,78,75,4.6
257.4,89,13.9,96,73,100,84,11.6
186,78,11.4,78,67,89,72,37.5
384.4,90,1.9,96,73,100,84,49.2
227.62,8,6.9,8,67,89,72,5.01
213,96,17.1,99,73,78,62,108
240.4,88,1.9,96,73,100,84,5.2
1036.2,87,3.8,95,33,78,59,11.48
77,83,33.3,84,78,89,89,3
117,88,11,96,73,78,84,7.33
101,87,34.7,95,73,100,84,2
206.4,94,2.4,98,58,100,75,7.6
111.08,86,13.6,86,53,89,66,13.32
226,85,9.3,95,60,100,69,67
205.4,100,0.7,100,73,100,84,5.2
48.35,10,14.9,10,67,78,82,2.92
124.67,85,16.6,95,73,78,88,48.34
113,100,11.3,100,73,78,84,6.67
139.08,65,11.7,65,60,78,62,61.5
74,32,2.3,33,80,78,78,2.42
156,92,2.5,97,60,100,69,26
181.43,91,2.4,97,73,100,80,11.14
230.91,99,10.7,100,67,100,82,20.32
83.33,98,2.1,100,80,78,87,1.33
716,54,3.9,54,67,78,82,62.12
379.6,89,11,96,73,100,84,6
1122,51,3.3,51,73,78,84,1032.6
42.15,56,10.4,56,60,89,69,1.32
208.8,94,1.9,98,73,100,84,6.6
114.67,93,10.8,98,73,78,84,6
164.33,95,15.2,98,73,78,84,13.33
135,83,29.7,84,80,100,72,2
181.42,85,2.5,95,89,78,93,2.59
323.5,56,10.5,56,83,89,91,14
341.4,86,1.9,95,58,78,75,27.6
216,93,9.5,98,58,89,69,18
303.33,73,3.7,74,73,78,84,0.33
118.33,91,11.1,97,73,78,84,7
1034.43,32,3.1,33,60,78,79,931.07
38,71,21.1,72,73,78,84,2
435.33,21,4.2,22,33,89,59,10.77
116,99,24.5,100,60,100,69,14.5
157,90,11.3,97,60,100,74,61
237.36,59,7.7,60,73,78,84,2.5
305,83,26.9,84,83,89,91,1
1030.67,63,6,64,73,89,75,4
2175.17,47,2.3,48,73,100,84,1.84
150,56,11,56,83,89,91,0.5
280.8,91,2.4,97,58,100,75,42.2
122,63,9.6,63,80,100,87,2.33
1377.55,88,1.6,88,73,78,84,41.37
373.08,66,2.3,67,80,89,83,50
211.75,59,1.1,60,67,78,72,6
274.78,85,3.5,85,53,89,66,69.26
154,86,5.6,86,73,67,84,113
145,83,8.9,84,73,89,75,11
407,9,5,9,60,89,69,7.63
156.29,93,0.8,98,60,100,74,52.29
132.5,95,1.8,98,60,100,74,48
193,94,5,98,60,100,79,60.5
43.12,63,4.6,63,67,89,72,2.18
198.83,76,0.7,76,73,78,80,30.33
304.44,97,9.2,99,67,100,77,9
162.8,51,4.3,51,58,78,75,6.8
284.95,61,5.2,61,60,78,69,101.19
333.5,68,3,68,73,89,84,2.9
219,94,1.2,98,73,100,84,6.8
184,93,6.3,98,73,100,84,0.5
282,85,3.7,86,53,89,66,69.7
415.93,95,7.3,95,67,100,77,10.29
176,83,15,84,73,89,84,18
175.5,86,12.4,95,73,100,80,3.5
156.75,78,9,78,73,89,84,3.5
195,94,9.5,94,73,78,62,60.64
277.2,85,1.6,95,73,100,84,6.4
189.5,94,3.8,98,73,89,62,1.5
176.67,96,3.5,99,60,100,79,61.34
143.67,100,1.8,100,60,100,74,48.67
99.66,97,15.5,98,67,78,82,22.63
429.81,26,2.6,26,78,78,89,236.93
142,89,6.8,96,73,78,84,11
299.83,85,2.2,86,53,89,66,100.74
631,83,15,84,58,100,80,292
284,91,3.7,97,73,78,80,28
160.64,59,7.9,60,73,67,80,1.69
332.5,71,11.8,72,83,89,91,4.5
259.6,97,0.9,99,67,100,82,59.2
158,99,25.3,100,60,89,69,26
261.6,91,1.1,97,73,100,84,5.4
315,100,1,100,67,100,82,39.6
162.5,92,12.3,97,73,100,80,5
142.56,60,7.9,61,73,67,80,86
388.25,57,1.1,59,67,89,72,237.25
223.67,63,5.1,63,73,89,75,20.67
75.25,56,8,56,83,89,91,20.5
241.2,100,1.1,100,73,100,84,6.6
299.36,99,9.7,100,67,100,77,0.93
300.54,40,4,40,60,78,54,23.93
159.29,41,6.6,41,60,78,69,44.61
144,89,1.9,96,80,67,83,38.33
179.6,61,7.2,61,78,89,89,34.8
155,52,2.2,52,42,78,74,25.8
193,83,26.2,84,80,100,83,3
220.6,96,1.3,99,73,100,84,6.2
257.45,13,4.3,13,60,78,74,108.52
71.54,18,4.3,18,60,78,79,8.54
311.8,93,12.1,98,58,100,75,7.8
221,87,1.2,95,73,100,84,6
136.25,78,3.2,79,73,78,84,19.25
536.25,56,7.1,56,83,89,91,3
572,83,14.8,84,83,89,91,6
191.83,73,3.6,74,73,89,84,2.66
352.4,55,4.9,56,67,78,77,76.78
138.5,100,2,100,73,78,84,2
535,78,0.2,79,53,89,66,191.8
242,71,11.9,72,73,89,75,5
121,98,22.3,99,73,100,84,3
169,83,21.9,84,83,89,91,37
38,71,1.9,71,67,89,77,0.88
130.52,16,3.5,17,42,100,69,16.52
311.57,63,6.1,63,73,78,84,35.5
98,85,1.3,95,73,78,80,1.5
276.5,94,9.3,98,83,89,91,3
144.88,57,7.7,58,67,78,82,13.19
106,95,5.5,99,73,100,84,28
185,71,13.6,72,67,89,72,5.5
242.67,99,9.6,100,73,100,80,45
420.33,100,3.3,100,73,100,80,131.66
609.4,91,1.1,91,73,100,84,26
257.8,85,1,95,58,100,75,5.8
53,83,14.5,84,73,100,84,2
97.4,51,3.3,52,42,78,62,2
118.64,80,1.7,81,53,67,76,6.43
266,97,10.3,99,73,100,84,51
183.57,99,13,100,73,78,80,7.57
163,90,3.3,97,67,78,72,25
785,83,10.8,84,83,78,91,46
170,91,28.6,97,80,100,87,1
361,50,6.5,51,67,100,77,181.6
192.47,26,3,27,53,78,66,35.74
285.3,69,1.6,69,73,67,84,2.2
307.2,93,12.7,98,73,100,84,11
400.57,16,4.3,16,67,89,72,94.86
429.5,100,4.2,100,73,100,80,37.75
243,89,7,90,67,100,77,49.11
1134.14,62,1.9,63,73,89,80,1.32
448.67,65,1.1,66,73,100,80,127.34
213,91,9.4,97,73,100,80,3.67
2967,90,5.1,97,73,78,84,41
192.25,89,11,89,78,78,89,1
392.5,91,6.3,97,73,78,84,89.75
108.8,90,18.1,97,73,78,80,0.8
90,97,29.1,99,73,100,84,25
214,88,3.7,96,73,100,84,23
111.2,93,16.9,98,67,78,77,0.4
347.67,47,2.1,48,78,89,91,8.34
473,91,12.4,97,73,78,84,184
4232,98,4.7,98,73,100,84,14
472.6,92,9.9,97,58,100,75,10
284.57,43,3.3,44,73,89,75,11.86
227.17,90,3.7,97,73,89,62,1.34
1328.5,56,3.8,56,83,89,91,3.75
329.5,91,16.3,97,73,100,80,128.5
256.43,90,7.1,97,67,100,82,20.52
165,83,9.7,84,73,89,75,23
1521.57,84,2.3,84,73,78,84,57.14
183,93,11.4,98,73,89,62,58
323,92,24.2,97,80,100,65,16
582.85,56,4.4,58,67,89,77,113.66
139.5,95,3.2,98,73,78,80,27.5
183,94,27.6,98,80,100,87,15
258.5,72,9.2,72,73,89,75,14.5
269,95,0.9,98,67,100,82,48
491.8,90,9.8,96,73,100,84,12
373,94,20.3,98,80,100,87,20
418.6,99,4.7,100,73,89,62,1.4
229.4,98,13.9,100,73,100,84,10.4
437.8,90,7.3,97,60,89,69,256.07
322,95,21.8,98,73,100,80,132
127.2,94,20.3,98,73,78,84,15.8
297.17,86,2.4,86,53,89,66,93.52
219.8,98,1.3,100,73,78,84,5.8
81.5,89,15,96,73,100,84,1
233,94,14.5,98,58,100,75,11.4
158.67,93,11.7,98,73,100,84,0.67
234.8,95,1.3,98,67,100,82,33.8
214.67,63,12.5,63,73,78,84,25.67
132,89,5,96,73,78,84,4
1456.67,90,4.1,96,73,78,62,19
411.4,93,10.8,98,58,100,75,9.4
117.5,89,3.2,96,73,78,84,0.5
113,83,22.3,84,83,89,91,4
125.45,59,8.6,60,73,78,84,58.45
996,84,3,84,60,78,69,120
198,96,14.7,99,67,78,72,50
504.6,100,1.9,100,73,100,84,3
350.71,63,6.1,64,73,89,80,16.21
602,99,6.6,100,73,100,84,10.33
1734.34,97,2.5,98,67,89,58,14.65
100.33,87,18.6,95,73,100,80,0.66
277.25,97,7.6,99,73,100,80,90.75
1072.75,78,3.8,78,80,89,87,42.5
396.6,87,1.3,95,73,100,84,3.4
137.25,92,2.7,97,73,100,84,17.75
221.4,91,2.6,97,73,100,80,43.2
486.5,99,5.5,100,80,89,65,60
148.5,98,11.4,99,73,89,62,1
115,87,24.5,95,67,89,82,1
1301.33,98,3.5,98,83,89,91,154.5
386.5,93,11.3,98,73,89,62,69.5
51.67,98,0.8,100,73,78,84,0.67
222,97,14.7,99,73,100,84,8.6
112.75,78,6,78,73,78,84,1.75
540.67,75,7.3,76,83,50,91,123
485.67,93,7.8,98,67,78,77,1.11
391.6,92,10.8,97,73,100,84,12.6
2629.33,88,0.8,89,78,89,89,817
253.2,88,2.7,96,73,100,80,45.8
156,83,20.5,84,67,89,72,28
60.47,78,9.2,79,67,100,77,4.47
181.57,99,3.5,100,67,78,84,40
57.32,54,10.4,54,67,89,82,1.76
386,87,20.5,96,73,89,62,13
180,92,27.8,97,80,100,87,18
297.8,91,0.9,97,73,100,84,6.4
137.22,96,1.6,99,73,100,84,75
514.33,47,3,47,73,78,75,123.5
84.86,87,1.9,95,73,100,80,19.86
384.5,57,5.7,59,67,89,77,24.41
124.33,96,7.7,99,80,89,65,43
190,83,33.2,84,80,89,83,1
247.4,92,0.9,97,67,100,82,42.6
188.56,91,11.5,97,73,78,80,21.12
184,96,12.3,99,73,100,80,5.5
112,85,32.4,95,73,78,84,1
215.5,78,6.9,79,73,89,84,79
228.3,7,4.8,8,67,89,72,9.07
845.18,11,2.7,11,67,89,82,655.66
236.3,90,4.5,90,53,89,66,56.97
285.57,85,3.1,86,53,89,66,71.61
134,83,12,84,83,78,93,32
220,95,22,98,80,100,87,21
125,94,24.1,98,73,89,62,2
153.44,87,1.7,96,73,100,80,0.77
345,95,2.9,98,73,100,84,48.6
119.2,90,3.6,91,73,78,84,29
96,83,21.8,84,67,89,72,4
247.4,98,2.6,100,73,100,84,43.2
280.5,52,0.8,52,67,89,72,163.5
839.5,56,3.1,57,73,89,75,78.5
333,99,23.2,100,73,100,80,19
80.5,88,1.1,96,73,78,62,29.5
1471.92,61,2.1,62,73,67,80,725.67
235.17,56,1.5,58,73,89,75,33.17
209,94,14.8,98,73,100,80,24.5
225.75,78,6.5,79,67,89,82,67.5
98.09,87,17.2,96,67,100,82,21.54
419.6,92,10.8,97,73,100,84,9.6
249.5,91,7.9,97,60,100,79,84
138.25,98,14.5,100,73,100,84,19.92
257,91,8.2,91,60,100,74,117.5
3111.67,99,2.1,100,67,100,77,4.34
155.75,90,13.8,97,73,78,84,15.25
314.25,67,5.8,67,73,67,84,39.75
1177.5,98,2.5,98,80,89,83,1083
122.27,53,6.5,53,67,89,72,81.27
203,89,0.8,96,73,100,84,6
500,97,10.1,99,73,78,84,1
133.62,70,4.9,70,73,89,84,2.37
216.27,52,5.4,52,67,67,77,88.1
158.1,61,8.6,62,73,89,84,10.7
203,87,3.6,96,73,78,84,21
133,92,0.8,92,80,78,78,18.25
129.2,86,3.5,95,67,100,82,1.4
91,83,25.8,84,78,89,89,3
1375,63,4.5,64,67,78,82,6.67
140,96,2,99,60,100,74,42.67
194,72,14.1,72,83,89,91,6.5
391.59,97,5.4,99,83,78,93,16.18
187.2,96,2,99,60,100,74,51.8
221.53,26,4.7,26,67,100,77,170.53
248.32,89,7.3,90,67,100,77,50.11
263,83,13.2,84,67,100,82,104
292.14,85,1.2,85,73,100,80,63.71
150.33,90,1.7,96,60,100,74,49.66
946,63,4.2,63,73,89,75,100.33
529.33,66,1.1,66,73,100,80,73.66
248.6,89,1.4,96,67,100,82,45.4
226,97,14.6,99,73,100,84,11.2
2342.83,75,0.8,76,73,78,84,37.83
266.87,85,4,85,53,89,66,54
2187.5,97,0.9,99,80,78,87,23.25
131.67,88,6.9,96,73,78,84,9
113.09,53,8.4,53,60,89,74,7.18
179.29,44,1.9,45,67,89,72,5.58
324,88,0.9,96,73,100,84,7
846,87,6.8,96,73,78,84,20.2
133.75,89,3.4,96,60,100,74,33.75
184.5,97,4.2,99,60,100,74,71.5
516.67,63,7.2,63,83,89,91,10.67
132.67,97,6.9,99,73,78,84,8.34
230.6,97,14.2,99,73,100,84,9.6
156,72,9.4,72,73,89,84,27
128.5,97,17,99,73,78,62,16.5
236.2,98,1.1,100,73,100,84,7.2
119,83,10.7,84,73,89,80,1
322,89,23.2,96,73,100,80,22
256,91,14.9,97,80,89,65,69
289.5,70,7.5,70,73,78,80,110.25
137,86,8.6,86,73,78,84,2
102.2,90,3.3,97,73,100,80,2.2
265.19,98,9.7,100,67,100,77,14.25
518.8,97,9.7,99,58,100,75,8.8
254.6,96,2.4,99,73,100,84,37.6
428,74,1.4,75,73,78,84,11.83
230.2,89,14.6,96,73,100,84,11.2
336,88,12,96,73,100,84,11.6
628,90,20.2,97,73,100,84,17
208.6,89,0.8,96,67,100,82,42
312.43,88,9.6,96,72,78,89,16.36
397.5,74,2.4,74,60,89,79,0.33
185,83,33.7,84,80,78,83,1
206.4,60,6.7,61,78,89,89,7.6
64.64,32,9.2,32,67,89,77,30
146.43,98,1.9,99,83,78,91,1.5
333.4,97,12.1,99,73,100,84,11.2
464.17,22,3.5,23,60,78,83,124.39
582,72,8.3,72,67,78,72,153.5
576.71,28,1.2,29,67,89,72,1.18
61.42,80,8.6,81,67,100,77,4.95
118.33,96,7,99,73,78,84,8.66
78,100,10,100,80,78,65,1
2326.29,64,1.9,64,73,78,80,7.93
126,99,2.4,100,73,78,84,2
782,100,16,100,80,100,87,2
171,67,8,67,73,78,84,7.25
303,91,12.3,97,78,89,89,5
271.25,78,6.7,79,73,67,84,148
65,83,24.3,84,78,89,89,4
401.62,61,5,62,73,78,80,108
469,98,13.1,100,67,78,77,0.67
155.83,92,1.1,92,73,100,80,5.66
198.8,99,1.1,100,73,100,84,8
1196,83,5.5,84,78,89,89,585
169,83,18.9,84,80,78,87,4
274,99,22.6,100,73,100,84,15
248.6,91,2.7,97,73,100,84,44.4
634.4,92,2.8,97,80,100,87,41.2
92.59,91,17.4,97,72,78,86,1.35
117,91,1.8,97,73,78,84,43
197.07,26,5.2,26,53,100,66,27.27
267.8,99,4,100,73,100,84,41.2
139.2,40,5.5,40,60,78,54,18.38
131,19,4.8,20,67,89,72,3
159.62,34,0.9,35,78,89,89,3
253,86,7.2,86,73,78,80,108.5
249,85,24.9,95,83,89,91,1
2808.33,87,2.3,95,73,78,80,0.5
106,86,17.6,95,73,78,62,18.91
140,86,8.3,86,73,78,84,2
1817,71,2.7,71,73,78,75,68.5
443.4,95,1.6,98,67,100,82,40.8
241.8,94,13.6,98,73,100,84,7.8
355,85,2,95,50,100,72,145
267,94,1.8,98,58,100,75,7.4
305.7,86,5.5,86,53,89,66,91.18
246.43,85,9.7,95,53,89,66,39.73
261,100,12.8,100,73,100,84,8.6
230.48,82,8.3,83,53,89,66,57.44
220.6,93,2.4,98,73,100,84,6
1422,90,3.6,90,73,78,84,19
356.96,85,2.2,85,53,89,66,133.7
277.6,93,2.3,98,50,100,72,44.4
246.53,88,6.8,89,53,89,66,63.45
147,94,27,98,89,78,93,3
227.2,86,2.4,95,73,100,84,6.8
375.78,83,1.3,84,53,89,66,126.87
1510.33,82,3.2,83,73,78,84,19.66
329.13,85,0.4,85,53,89,66,139.74
1347.91,88,2.6,88,73,78,84,28.55
277.35,86,6.3,86,53,89,66,79.26
258.2,91,13.6,97,58,100,75,6.8
251.8,93,2.1,98,50,100,72,33
223.6,92,14.6,97,73,100,84,8.8
144.29,76,3,76,60,89,69,9.72
287.04,84,1.6,85,53,89,66,99.04
300.61,85,4.8,86,53,89,66,105.78
221,99,14.8,100,73,100,84,8
268.2,91,1.8,97,67,100,82,38
275.8,100,1.9,100,67,100,82,45.8
266.8,92,2,97,58,100,75,8
163,83,20.4,84,73,78,84,5
276.6,93,2.3,98,73,100,84,5.8
250,92,13.8,97,73,100,84,9.4
299,85,3.5,86,53,89,66,104.96
271,93,3.9,98,73,100,84,44.6
383.25,94,6.1,98,73,89,75,46.75
280.39,86,6.4,86,53,89,66,88.78
262,85,1.7,95,73,100,84,7.2
232.2,87,2.2,95,73,100,84,7.8
132.18,13,9,14,33,78,59,6.57
244.2,85,2.2,95,67,100,82,30.4
249.2,92,1.6,97,67,100,82,40
275.87,85,6.5,86,53,89,66,74.44
218.2,93,2.4,98,73,78,84,6.8
194.8,92,1.8,97,73,100,84,5.2
263.8,94,2.3,98,50,100,72,40.6
265,93,2.6,98,67,100,82,41.4
262.8,85,2.7,95,67,100,82,41
277.96,85,3.8,86,53,89,66,84.39
303.74,85,4.5,86,53,89,66,110.44
225,100,1.9,100,58,100,75,5.8
324.8,86,12.4,95,73,100,84,9.6
347.2,85,1.9,95,58,100,75,8.8
342.43,85,5.4,86,53,89,66,147.47
402,92,10.7,97,58,100,75,10
234.2,94,2.6,98,73,100,84,5.6
359.61,85,1.1,86,53,89,66,110.48
283,71,6.5,71,53,89,66,66.35
713.2,99,7.9,100,58,100,75,15.8
259.4,85,1.9,95,67,100,82,33.8
260.6,94,1.8,98,67,100,82,45.8
277,86,4.4,95,73,100,84,44.6
330.2,85,2.1,95,67,100,82,46.8
271.4,92,4.2,97,73,100,84,41.6
300.8,86,2.2,95,73,100,84,6.4
393.35,86,1.2,86,53,89,66,123.13
287.26,86,5.1,86,53,89,66,96.56
401.2,92,3.2,97,73,100,84,51.2
404,93,1.5,98,67,100,82,42.4
243.6,85,1.9,95,73,100,84,7
489.8,94,3.4,98,73,100,80,6.6
270.2,86,4.3,95,73,100,84,44.8
265,85,13.6,95,67,100,82,42.6
447.4,86,9.4,95,73,100,84,12.6
406,86,3,95,73,100,84,47
334.43,84,1.4,84,53,89,66,114.43
302.3,85,3.4,85,53,89,66,115.43
463.6,94,2.1,98,73,100,84,23.2
251.4,93,2.1,98,67,100,82,40.6
347,95,1.2,98,67,100,82,43.4
294.04,85,5.2,86,53,89,66,92.56
283.17,84,2.6,85,53,89,66,101.56
437.8,95,10.4,98,73,100,84,12.6
325.6,86,12,95,73,100,84,10.6
232.2,85,1.8,95,73,78,84,5.8
242,87,2.8,95,73,100,84,6.2
273.2,86,1.8,95,58,100,75,8.2
260.6,93,2.1,98,67,100,82,39
251.4,87,1.5,95,58,100,75,7.4
255.4,94,2.3,98,67,100,82,40
3288,18,1.3,19,67,89,72,2.96
267.43,86,5.7,87,53,89,66,77.39
328,94,12.3,98,73,100,84,10.6
386,96,2,99,67,100,82,45.4
1075.2,90,3.4,90,73,100,84,142.6
257.2,87,1.7,95,58,100,75,8.4
293.09,86,5.1,87,53,89,66,90.87
270.4,87,2.4,96,67,100,82,52.6
308,85,2.8,85,53,89,66,93.74
2324.27,93,1.6,93,60,78,74,1591.09
164,100,7.3,100,73,100,84,48.25
434.67,69,0.6,69,73,100,80,1.67
579.58,98,1.2,98,60,100,72,106.15
335.3,85,2.4,86,53,89,66,100.3
315.72,92,6.5,97,72,78,86,10.4
231.6,96,14,99,73,100,84,10.6
2262.33,63,2.9,63,73,89,75,5.66
237.8,97,1.2,99,73,100,84,10.4
359.13,85,1.1,86,53,89,66,116.56
64.28,80,9.1,81,67,100,77,5.78
236,83,17.2,84,89,78,93,7
490.23,88,5.8,96,60,78,79,1.08
159.5,98,2.8,100,73,78,80,16.5
161,100,12.5,100,73,100,80,5
365.5,61,2.1,62,73,67,84,101.6
105.43,87,1.2,95,73,100,80,5.57
1275.25,56,3,57,67,89,72,88.75
239.6,92,12.2,97,73,100,75,16
232.83,46,4.9,47,78,89,89,11
789,84,2.5,84,67,78,72,608
248,95,23.8,98,73,89,62,1
235.25,94,8.1,98,73,78,80,93.5
268.11,96,8.3,99,67,78,58,0.72
183.28,57,7.3,59,67,89,77,35.5
141.25,59,0.8,59,53,89,66,34.25
125.88,69,10.5,70,73,78,80,66.88
859,92,16.2,97,73,100,84,2
217.05,91,7.3,91,67,100,77,28
478.5,99,8.4,100,42,89,62,7
155,72,15,72,89,78,95,3
1336.75,47,3,48,67,89,72,41.5
223.5,86,15.7,95,73,100,84,37.5
66,83,25.1,84,73,78,80,3
432,86,8.8,95,80,100,86,1.29
853.6,88,6.1,96,60,78,74,55.2
349.22,36,6.8,37,73,78,83,4.11
215.2,56,1,57,60,78,79,9.2
344.82,59,5.4,60,67,89,77,17.64
217.2,90,0.8,97,58,100,75,9.6
133.67,92,6.9,97,73,78,84,7.67
2150,83,7.4,84,73,89,84,7
201.4,87,0.7,95,73,100,84,8
219.2,94,1.1,98,73,100,84,8.4
68.88,17,4.3,18,60,78,79,5.76
69.71,89,3.5,96,80,100,83,0.42
3273.75,84,1.6,85,73,78,88,11.13
149.46,93,10.7,98,67,100,77,6.43
176.25,89,7.1,90,80,89,83,39.5
69.33,95,19.4,99,67,78,77,25.22
61.42,79,8.9,80,67,100,77,5.37
100.14,92,3.2,97,80,100,87,7.71
227,83,23.9,84,50,89,66,111
88,83,28.2,84,89,89,93,3
365.5,79,2.5,79,73,78,84,18.25
133.04,17,3.5,17,42,100,69,20
180.59,95,11.8,98,67,78,82,35.71
193.33,94,4.3,98,83,89,91,123.22
111,96,5.4,99,58,89,80,2.75
115,97,6.9,99,73,78,84,8
451,64,2.3,64,60,100,79,287.33
116,98,16.7,100,67,78,77,1.33
257.67,88,8.9,88,67,78,72,16.67
150.91,86,13.5,95,67,78,77,4.18
1674,55,0.8,56,67,78,85,1005.4
283,87,21.1,95,60,78,69,30
181.7,34,3.5,34,73,78,84,41.7
62.75,56,7.8,56,83,89,91,2.25
438.78,89,8.4,96,67,78,77,0.67
349.58,66,2.3,66,80,89,83,36.58
256.96,85,4.5,86,53,89,66,81
118,92,27.4,97,58,100,80,3
237.5,72,12.7,72,78,89,89,4
241.2,99,0.9,100,58,100,75,7.8
352,83,11.6,84,73,89,62,156
327,72,4.4,72,67,89,72,14
512.25,92,6.8,93,80,78,83,46.37
486,94,3.1,98,73,78,84,1
238.4,95,1.3,98,73,100,84,9.2
2911.29,17,1.4,18,67,89,72,17.04
261.2,90,1.5,97,50,100,72,51.6
370.25,67,5.4,68,73,67,84,19.75
146,63,10.5,63,73,78,75,5.67
296.57,85,2.7,85,53,89,66,95.09
154.5,100,12.2,100,73,100,80,5
69,83,23.4,84,78,89,89,2
221,87,25.9,95,73,100,84,1
102.5,96,3.2,99,80,78,87,42.5
438,98,10,100,73,78,84,61
135,83,20.6,84,67,89,72,21
70.75,56,8.3,56,83,89,91,7.5
299.2,100,1.4,100,67,100,82,41.8
112.33,86,1.7,95,73,78,62,1
153,96,6.3,99,73,78,84,99
251.5,86,12.7,86,67,89,72,77
122,39,1.1,39,33,78,71,7.85
157.5,46,5.6,47,73,89,84,12.33
164.8,90,5.1,91,73,78,84,30.4
1418.2,80,3.5,81,73,78,84,43
251.8,100,2.5,100,73,100,84,46
423.17,86,6.2,95,60,78,74,141.95
665.5,85,2.1,95,73,100,80,29.38
313.6,92,11.7,97,58,100,75,9
84,91,30.9,97,73,89,62,21
231.4,99,1.5,100,73,100,84,6.8
105.56,92,14.6,97,73,78,80,0.67
136,56,5.3,57,50,89,66,7
144.83,91,4,92,67,78,66,6.5
120,85,34.4,95,83,89,91,1
665.67,63,7.7,63,89,100,93,9.34
793.17,48,1.7,48,67,89,72,2.34
101.33,63,4,64,73,100,80,2.66
269.5,86,11.8,95,73,89,62,62.5
210.6,88,0.7,96,73,100,84,6.6
199.2,87,8.6,95,67,78,77,23.75
166,89,7,90,80,89,83,43.75
112,83,26.1,84,83,89,91,8
141.5,93,15.9,98,50,78,66,11.38
146.33,100,6.9,100,73,78,84,8
220.75,56,6.3,57,58,78,80,57.25
282.43,85,12.4,95,73,78,84,10.43
146.8,93,1.1,98,73,78,80,1
234.4,98,2.7,100,67,100,82,26.6
134,97,29.9,99,73,78,84,10
171,83,20.1,84,83,89,91,3
143.25,79,1.8,79,73,78,84,78
78,100,35.3,100,67,78,72,1
202.17,46,4.9,47,73,78,75,3
960.29,32,3.1,33,60,78,79,865.29
321.71,86,4.5,95,73,78,84,76.42
1212.2,90,4.5,90,60,78,69,70.8
214,67,8.5,68,73,78,84,116.6
280.17,85,3.9,86,53,89,66,97.74
484.5,79,7.6,79,73,100,84,186
529,95,3.1,99,73,78,62,15
687,94,15.6,98,73,100,84,200
221.11,43,0.7,43,73,89,75,2.55
223.6,95,14.6,99,73,100,84,9.4
82,72,13.8,72,67,89,72,4.5
174.5,99,2.5,100,80,78,87,1
341,100,23.6,100,73,100,80,20
222.4,94,1.7,98,73,100,84,5.6
1939.79,35,1.1,36,67,78,82,1839.43
255,86,19.5,87,83,89,91,11
206,98,2.1,100,67,89,82,10.25
230.4,100,14.5,100,58,100,75,11.4
236.6,94,2.3,98,73,100,84,4.6
314.5,96,14.1,99,73,100,84,30
300.5,72,11.8,72,83,89,91,7.5
192.67,63,10.5,63,42,100,69,4.67
252.33,100,10.8,100,50,100,62,6.44
131.38,99,15.4,100,60,89,69,12.19
145,85,6.8,95,73,78,84,9
399.75,56,5,57,67,89,72,85.75
603.54,31,1.7,32,78,78,91,130.85
803,83,1.2,84,83,89,91,445
223.2,89,2.2,96,73,100,84,6.2
121.2,55,1,55,50,78,66,5
151,89,1.9,96,60,100,74,45.33
192,91,5.1,97,60,100,79,62.5
102,90,2.5,97,67,100,82,1
500.75,56,4.7,57,73,89,75,84.75
196,83,32.8,84,83,89,91,3
229.4,99,13.7,100,73,100,84,8.6
141,92,1.4,97,73,78,84,1
244.17,99,3.7,100,80,100,83,1
943.5,77,4.4,77,73,67,84,88
130.67,100,6.9,100,73,78,84,10
1400,78,4.3,79,73,78,84,22.25
121.15,88,6.4,89,67,100,77,8.2
1840,90,8.7,97,73,78,80,26
143.65,19,4.1,19,60,78,79,9.69
272.3,35,2.7,35,73,67,84,2.8
141.5,93,17.6,98,67,100,83,12
260.69,78,4.7,78,67,78,84,27.46
243,88,13.8,96,73,100,84,10.2
379,63,5.6,63,73,78,88,18.67
208.6,88,1.2,96,73,100,84,8.6
308.5,56,6.2,56,83,89,91,7.25
254.4,98,1.3,99,67,100,82,35.6
1516.67,91,2.7,91,73,78,84,48.17
397,88,1.4,89,60,100,74,169.67
148.33,92,2,97,73,78,80,1.66
387,83,22.6,84,83,89,91,1
100,94,21.8,98,73,100,87,2
214.75,57,1.3,58,67,89,72,147.25
508.94,96,6.7,99,67,100,77,14.63
490,98,12,100,73,89,62,140
114,97,15.7,99,73,89,62,50.5
857,83,6.4,84,73,100,87,3
765,99,16.5,100,73,100,80,6
241,100,24.6,100,83,89,91,8
307.6,94,0.9,98,67,100,82,42.4
198,96,22.4,99,73,100,84,2
366,88,8.3,88,73,100,84,52
105.6,100,19.2,100,73,78,84,0.6
368.5,85,3.7,95,67,78,82,19
136.86,87,1.8,96,67,100,82,1.15
353.17,66,2.3,66,80,89,83,42.84
481.33,88,0.8,96,67,78,82,1
86.75,94,23,98,73,78,80,18.75
84.71,18,4.8,19,72,89,86,2.92
162,100,12.4,100,73,100,80,5
86.5,57,1.5,58,67,78,72,1.25
246.4,87,0.8,95,73,100,84,5.6
2967.75,56,2.4,58,83,89,91,4.25
104.6,89,19.1,96,73,78,84,1
251.38,70,1.9,71,67,89,82,0.88
102.5,89,3.1,96,80,78,87,47.5
491,91,4.2,97,73,100,80,23.5
70.62,18,4.3,18,60,78,79,3.97
48.15,60,5.2,60,60,89,69,2.03
368,61,1,62,53,89,66,202.82
134.75,96,7.5,99,80,89,83,2.5
181.36,98,12.6,99,73,100,84,17.63
219,97,21.9,99,80,100,87,23
379.5,88,14.8,96,73,100,80,137.5
234.6,50,10,51,83,89,91,3.4
152.07,95,12.8,99,53,100,66,33.14
190.17,73,2.6,74,73,89,80,19.67
564,83,13.7,84,89,100,93,122
287.07,94,8.3,98,67,89,58,11.36
276,99,14.5,100,80,89,65,70
492.13,88,6.8,96,60,78,74,1.33
179.5,98,8,100,80,100,87,0.5
1442.86,87,2.9,95,73,78,84,46.72
151.85,12,6.5,12,53,78,66,3.85
128.8,98,11.6,97,73,100,84,4.39
160.67,73,7.5,74,73,89,84,6
232,85,12.8,95,78,78,91,5
261.62,21,1.5,21,53,78,66,14.12
199,94,10.1,98,73,78,84,39
76.88,92,17.4,97,60,89,54,26.47
231.8,87,1.1,95,73,100,84,9.2
423,63,5.4,63,73,89,62,16.67
351,83,17,84,83,89,91,13
133,83,14.3,84,73,78,84,18
95,83,24.1,84,73,78,80,3
135.25,78,3.4,79,73,78,84,1.5
1042.17,82,3.1,83,73,78,84,56
133.67,96,8.7,99,73,78,80,0.67
224.2,95,14.3,98,73,100,84,10.4
1859.64,96,2.6,99,60,78,79,16.07
234,87,1.1,95,67,100,82,14
380.83,91,6.6,91,73,78,80,163.5
357.57,28,1,30,67,89,72,233
471.5,56,3.2,57,73,89,62,5.75
678.5,86,1.7,87,67,78,82,2.5
204,86,7.1,86,73,67,88,3
174.67,85,11.1,95,58,89,80,1
177,100,6.9,100,73,78,84,7.33
201.5,99,1,100,73,78,84,46
414,86,10.5,86,73,89,84,74.5
227.4,89,1.1,96,73,100,84,7.6
975.9,59,2.7,60,67,89,77,372.67
627,83,12.8,84,78,89,89,541
231.2,95,1.2,98,73,100,84,10.2
163.25,87,1.7,95,73,100,80,0.25
320.8,69,1.5,70,73,67,84,31.5
234.12,70,2.9,71,73,67,80,61.5
203.5,86,16.2,95,58,100,69,0.5
164,94,13.6,98,73,78,80,22.29
108,83,26.2,84,83,89,91,7
181.5,71,1.5,72,67,89,72,9
585.4,51,2,52,73,78,84,398.4
141.33,94,6.9,98,73,78,84,7.33
194.17,73,6.5,74,73,89,84,13.5
130.5,86,7.9,86,73,78,84,2
173,100,18.3,100,73,100,80,27
315,91,12.7,97,73,100,84,10.6
119,72,10.6,72,80,89,83,15
112.77,91,14.9,97,60,100,74,22.08
142.5,92,1.4,97,73,78,84,1.5
211,83,13.7,84,67,89,72,28
256.6,99,0.8,100,67,100,82,40.6
1664.62,42,1,43,83,89,91,1337
2697.14,89,1.4,96,67,78,82,26.28
174.5,72,13.3,72,83,89,91,3.5
177,88,18.5,96,73,78,80,11
234,87,15.4,96,73,100,80,2
191.33,95,1.5,98,73,78,84,0.66
264,94,0.4,98,73,100,80,13
103.4,85,18.8,95,73,78,80,0.4
205.12,100,12.3,100,67,78,77,0.62
420.67,63,9.2,63,80,100,87,91.34
107.4,85,19,95,73,78,80,0.8
127.33,100,6.9,100,73,78,84,8.66
325.3,86,1.4,87,53,89,66,91.52
361.33,63,7.6,63,83,89,91,11.66
546.33,98,1.5,100,73,78,62,14.66
340.2,97,1.2,99,67,100,82,39.6
97.73,97,13.3,99,60,67,74,4.46
226.58,90,7.2,91,67,100,77,37.37
164,86,3.4,95,73,78,84,54.5
177.5,94,14.6,98,67,89,58,25.8
322.65,95,7.6,99,60,78,74,0.75
227.8,100,14.6,100,73,100,84,11.6
446,98,6.7,98,60,78,74,22.87
134.83,99,2.4,100,58,67,75,25.16
111.5,72,21.3,72,73,100,84,1
604.33,63,6.8,63,67,78,72,6.66
1733.09,97,2.8,99,73,89,62,11.36
134.33,97,6.9,99,73,78,84,8.66
166.43,65,2,66,80,89,87,10.93
278,97,9.6,99,73,100,84,54
168,83,21.6,84,78,89,89,5
137.33,61,8.7,61,73,67,80,27.61
243.07,89,4.6,89,53,89,66,59.53
424.83,46,3.7,46,73,89,84,20.83
324.5,95,3.9,99,73,78,75,68
122.73,94,12.5,94,73,78,62,62.55
125.33,94,7.9,98,73,78,84,10.33
111.67,85,7.4,95,73,78,84,9
133,100,7.7,100,60,89,69,48.25
114.25,92,8.2,97,80,89,83,2.5
329.7,85,1.8,86,53,89,66,84.48
133.5,90,5.4,97,73,100,80,20
124,92,7.6,97,73,78,84,9.33
2252,83,1.3,84,73,89,75,981
271.6,97,11.8,99,67,100,72,23.2
287.36,89,9.7,96,73,100,80,6.27
122,98,5.7,100,73,78,84,2
151.5,90,12.6,96,67,100,82,1
300.2,89,2.4,96,73,100,84,49.4
112.5,86,15.5,86,73,89,84,65
64.4,95,4.1,99,73,100,80,9
300.96,85,3.2,85,53,89,66,85.26
200.6,56,9,56,67,89,77,28.9
298.2,85,12.5,95,73,100,84,8
525.5,94,3.4,94,67,67,84,5.6
142.17,46,5.8,47,73,89,84,5.5
128.75,70,6.6,70,73,89,84,5.37
165,92,25.6,97,89,78,93,1
233.5,68,3.2,68,73,89,75,4
3567,93,5.6,98,80,100,87,39
200.2,92,1,97,73,78,84,8.2
223.4,100,13.7,100,73,100,84,9.2
64,93,9.9,98,80,78,65,2
64.75,57,1.4,59,67,100,77,2.25
251,86,2.6,87,73,78,80,143
107,91,36.9,97,83,89,91,3
292.7,85,1.9,86,53,89,66,85.83
222,92,1.6,97,58,100,75,9
406.25,91,1.7,97,73,78,84,205.75
563.5,90,4.3,97,72,78,89,50.33
878.5,67,4,68,73,78,87,5.75
837,72,6.8,72,67,89,72,135.5
1512.25,78,3.8,79,73,78,84,20
190.33,75,7.6,76,67,78,72,18
150.25,78,10.7,78,73,89,84,3.75
157.2,90,17.3,97,73,78,62,48.8
114.83,89,18.5,96,73,100,80,31.66
568.6,54,1.3,54,67,89,72,404.6
110,83,21.6,84,67,89,72,5
494.8,97,9.6,99,73,100,84,10.2
202.04,97,9.9,99,60,89,74,6.92
252.59,57,4.8,58,67,78,82,50.59
439.4,88,9.4,96,73,100,84,10
280.7,85,4.2,86,53,89,66,64.96
46,72,15.4,72,73,78,84,3
296,74,2.2,75,73,89,80,18
311,83,15.2,84,60,89,69,7
289.75,39,2.7,39,78,78,91,28.5
266.4,95,1,99,73,100,84,8.4
220.2,87,1,95,73,100,84,7.2
1479,96,7.5,99,73,78,84,2
396.4,88,1.6,96,73,100,84,34.2
546.4,91,1.1,91,73,100,84,25.6
413,83,17.8,84,78,89,89,10
168.17,93,14.2,98,73,78,62,18.5
517,83,14.5,84,83,89,91,375
96,83,21,84,73,100,80,3
252,93,0.7,98,67,100,82,39.6
253.83,13,7,13,67,89,84,5.92
141,100,9.5,100,73,78,84,9
503,16,5,16,67,89,72,43.71
287,90,8.1,97,60,78,69,16.94
207.69,89,12.6,96,53,100,71,27.61
770.6,98,1,98,60,100,72,254.5
309.2,96,12.6,99,73,100,84,10.6
140.64,94,13.1,94,73,78,62,54.28
225.87,25,6.1,26,67,89,72,22
146,93,5.9,98,67,78,72,24
116,87,2.8,95,60,100,74,30
149.75,78,9.4,78,80,89,87,4.5
109.5,94,8.2,98,73,100,84,14.75
176.33,92,6.5,97,83,89,91,119.83
184.67,88,1.9,89,73,78,75,7.67
49.5,85,1.8,95,67,78,72,1.5
1084.5,85,7.3,95,58,100,57,6.5
461.5,39,5.1,40,80,89,83,331.88
222.6,85,15.6,95,73,100,84,6
84,91,12.5,97,67,78,82,2
74.5,92,8.4,97,73,78,80,23.5
259,56,4.1,57,67,78,72,12.75
182.25,67,9.7,67,67,67,85,46.5
269.38,99,9,100,67,100,72,39.88
101.84,14,10.6,15,60,89,69,3.29
200,78,9.6,78,73,89,80,81.5
330.2,99,2.4,100,73,100,84,38.2
790.2,91,3.1,97,78,78,89,1.8
194.6,90,1.9,97,58,100,75,5.4
86.4,89,24.7,96,73,78,84,8.4
105.67,91,3.5,97,60,100,74,23
513.5,27,3.8,28,33,89,59,30
131,97,2.3,99,60,100,74,27.5
113.5,96,1.3,99,60,100,79,24
89,83,13.2,84,73,67,80,1
98,87,13.7,95,67,78,77,1
211,43,3.1,44,53,89,66,7.71
321.4,88,2.8,96,73,100,84,38.4
124.38,87,15.8,95,73,78,84,0.88
112.81,24,12.6,25,67,100,77,4
202.4,85,0.8,95,73,100,84,7.4
303.1,34,10.4,34,73,100,80,2.4
175.75,78,10.8,78,73,89,80,79.75
1818.64,62,2.4,63,73,78,84,37.35
83.12,90,21.9,97,73,100,80,10.87
83,92,24.8,97,73,78,84,10.6
111.2,91,17.6,97,50,78,77,14.4
894.5,56,3,57,83,89,91,715.25
70.23,17,8.3,18,60,78,79,5.58
783,63,4.6,64,73,89,75,76.33
132.86,28,3.8,28,78,50,89,4.36
196.33,87,9.5,95,53,100,71,38.12
128.06,62,3.3,62,73,89,84,10.56
1845.5,72,5,72,83,89,91,3.5
58.21,62,13.3,63,67,100,77,4.68
2555,83,0.3,84,73,78,88,2035
200.8,93,2.4,98,73,100,84,7.4
56.17,97,11.3,97,83,78,91,7.17
93.93,80,2.1,80,67,78,82,3.72
106.75,86,1.3,95,80,78,87,1.25
316.5,72,15.9,72,80,89,87,5.5
